batch,episode_len,kl,lr_multiplier,loss,entropy,explained_var_old,explained_var_new
1,35,0.00019,1.5,4.8844,3.891,0.001,0.011
2,22,0.00202,2.25,4.8733,3.889,0.005,0.021
3,38,0.00367,3.375,4.8616,3.8812,-0.004,0.036
4,38,0.00353,5.062,4.8085,3.8862,0.03,0.114
5,18,0.00381,7.594,4.6361,3.8866,0.131,0.304
6,22,0.00638,11.391,4.6039,3.8893,0.307,0.386
7,18,0.00124,11.391,4.4432,3.8748,0.431,0.492
8,27,0.00838,11.391,4.4852,3.877,0.366,0.426
9,18,0.01967,11.391,4.6314,3.8529,0.17,0.271
10,27,0.01014,11.391,4.6138,3.8699,0.156,0.276
11,29,0.01265,11.391,4.5941,3.8481,0.133,0.279
12,37,0.01695,11.391,4.4982,3.8617,0.184,0.383
13,49,0.02136,11.391,4.4423,3.8688,0.238,0.384
14,13,0.02778,11.391,4.4539,3.8206,0.177,0.379
15,14,0.02647,11.391,4.4253,3.8418,0.214,0.383
16,29,0.03855,11.391,4.3483,3.7979,0.267,0.451
17,20,0.04257,7.594,4.2581,3.7992,0.319,0.518
18,19,0.01959,7.594,4.2623,3.7905,0.344,0.513
19,27,0.02421,7.594,4.2342,3.7848,0.323,0.539
20,36,0.02765,7.594,4.2554,3.7559,0.262,0.481
21,18,0.03015,7.594,4.2438,3.7412,0.263,0.505
22,27,0.04368,5.062,4.2933,3.7672,0.217,0.474
23,34,0.03037,5.062,4.2328,3.7286,0.332,0.5
24,15,0.02685,5.062,4.2133,3.6995,0.315,0.484
25,19,0.0176,5.062,4.2079,3.7167,0.294,0.477
26,26,0.01754,5.062,4.2335,3.6919,0.251,0.447
27,25,0.02557,5.062,4.179,3.6458,0.295,0.493
28,17,0.03336,5.062,4.1442,3.6687,0.303,0.512
29,26,0.02839,5.062,4.1731,3.7048,0.346,0.505
30,32,0.03229,5.062,4.1742,3.6089,0.28,0.488
31,18,0.05261,3.375,4.0893,3.6515,0.367,0.552
32,23,0.02625,3.375,4.1146,3.6247,0.373,0.52
33,18,0.02628,3.375,4.0973,3.6189,0.373,0.534
34,20,0.02286,3.375,4.0289,3.5887,0.443,0.576
35,17,0.02784,3.375,4.1035,3.628,0.359,0.523
36,28,0.02078,3.375,4.1163,3.6322,0.323,0.493
37,35,0.01933,3.375,4.1254,3.5676,0.316,0.485
38,34,0.01818,3.375,4.0409,3.598,0.388,0.534
39,21,0.02453,3.375,4.0989,3.6126,0.324,0.515
40,14,0.03109,3.375,4.1497,3.5876,0.257,0.422
41,36,0.02934,3.375,4.1649,3.5873,0.263,0.405
42,15,0.03063,3.375,4.1665,3.5904,0.264,0.414
43,23,0.02547,3.375,4.1223,3.5444,0.27,0.428
44,39,0.02075,3.375,4.0892,3.5325,0.286,0.447
45,33,0.02835,3.375,4.1457,3.5724,0.219,0.404
46,22,0.02451,3.375,4.1543,3.5478,0.232,0.388
47,26,0.02692,3.375,4.1457,3.5824,0.273,0.393
48,21,0.02558,3.375,4.0809,3.5297,0.272,0.415
49,25,0.03589,3.375,4.0781,3.4841,0.283,0.43
50,26,0.04163,2.25,4.0212,3.4274,0.302,0.434
51,15,0.01718,2.25,4.1871,3.5221,0.193,0.321
52,26,0.03319,2.25,4.1908,3.5304,0.136,0.296
53,24,0.0325,2.25,4.0859,3.5205,0.243,0.364
54,35,0.01912,2.25,4.0736,3.4549,0.254,0.348
55,27,0.01803,2.25,4.0813,3.4374,0.232,0.346
56,22,0.02506,2.25,4.1073,3.4037,0.194,0.308
57,25,0.02302,2.25,4.0865,3.4292,0.225,0.334
58,26,0.02407,2.25,4.0763,3.4918,0.236,0.34
59,23,0.03611,2.25,3.9854,3.4158,0.321,0.414
60,23,0.02732,2.25,4.0057,3.3513,0.244,0.373
61,22,0.02274,2.25,4.0136,3.3677,0.25,0.374
62,26,0.0229,2.25,4.0373,3.4031,0.226,0.341
63,49,0.02195,2.25,4.0371,3.3903,0.238,0.36
64,32,0.01945,2.25,3.9545,3.3953,0.305,0.417
65,28,0.02783,2.25,3.9965,3.4004,0.271,0.39
66,21,0.05029,1.5,3.9412,3.3099,0.267,0.401
67,23,0.03108,1.5,4.0076,3.3216,0.257,0.347
68,35,0.01734,1.5,3.9257,3.3531,0.321,0.417
69,29,0.01267,1.5,4.0141,3.3899,0.275,0.374
70,17,0.01521,1.5,3.9887,3.3903,0.239,0.356
71,12,0.01502,1.5,4.0201,3.347,0.196,0.291
72,26,0.02056,1.5,3.9861,3.3386,0.249,0.333
73,28,0.02285,1.5,3.9439,3.2928,0.277,0.37
74,29,0.01423,1.5,3.911,3.29,0.303,0.39
75,14,0.01398,1.5,3.9418,3.312,0.208,0.299
76,13,0.02688,1.5,3.8962,3.3094,0.306,0.391
77,18,0.03332,1.5,3.9133,3.288,0.271,0.38
78,49,0.02214,1.5,3.9133,3.3006,0.262,0.357
79,14,0.01815,1.5,3.9329,3.3183,0.247,0.343
80,20,0.01682,1.5,3.901,3.3124,0.249,0.329
81,49,0.01944,1.5,3.8731,3.2905,0.27,0.363
82,33,0.02867,1.5,3.8052,3.2527,0.264,0.384
83,32,0.0212,1.5,3.9053,3.2323,0.241,0.304
84,32,0.01822,1.5,3.9043,3.2675,0.254,0.343
85,22,0.01603,1.5,3.8107,3.2587,0.341,0.416
86,31,0.01319,1.5,3.9257,3.2906,0.231,0.338
87,18,0.01411,1.5,3.8979,3.2751,0.225,0.32
88,12,0.01459,1.5,3.8323,3.2331,0.241,0.342
89,27,0.01742,1.5,3.9294,3.214,0.188,0.272
90,30,0.02553,1.5,3.8259,3.168,0.248,0.348
91,32,0.0206,1.5,3.8632,3.2361,0.235,0.322
92,29,0.02251,1.5,3.8378,3.2309,0.206,0.301
93,35,0.03118,1.5,3.8541,3.1796,0.212,0.286
94,24,0.02578,1.5,3.827,3.1753,0.168,0.25
95,18,0.02037,1.5,3.8358,3.1597,0.196,0.276
96,25,0.02227,1.5,3.8695,3.1633,0.178,0.264
97,35,0.0171,1.5,3.7883,3.172,0.219,0.289
98,19,0.02101,1.5,3.8682,3.1531,0.141,0.216
99,20,0.01993,1.5,3.7073,3.1245,0.248,0.323
100,15,0.01774,1.5,3.7174,3.0766,0.183,0.29
101,41,0.0204,1.5,3.7124,3.1184,0.251,0.327
102,17,0.02111,1.5,3.6752,3.083,0.269,0.365
103,23,0.03836,1.5,3.6945,3.0614,0.231,0.297
104,26,0.02382,1.5,3.7596,3.0419,0.174,0.259
105,15,0.02652,1.5,3.6673,3.0247,0.234,0.303
106,24,0.02677,1.5,3.6516,3.0825,0.264,0.352
107,17,0.02019,1.5,3.7159,3.1111,0.198,0.304
108,14,0.02734,1.5,3.6944,3.05,0.228,0.279
109,26,0.01704,1.5,3.733,3.0457,0.222,0.299
110,23,0.02448,1.5,3.7283,3.0334,0.181,0.266
111,17,0.01563,1.5,3.6579,3.0299,0.238,0.323
112,21,0.02487,1.5,3.6624,3.002,0.184,0.273
113,28,0.02776,1.5,3.6899,2.9734,0.201,0.269
114,21,0.02132,1.5,3.7251,3.0274,0.157,0.236
115,18,0.01938,1.5,3.7163,3.0027,0.192,0.264
116,18,0.02117,1.5,3.6982,2.9839,0.198,0.265
117,25,0.02529,1.5,3.7125,3.0218,0.149,0.235
118,28,0.02822,1.5,3.6973,3.0103,0.147,0.229
119,22,0.01976,1.5,3.634,2.9452,0.248,0.31
120,30,0.0286,1.5,3.5951,2.9403,0.248,0.317
121,17,0.01794,1.5,3.6823,2.9893,0.169,0.261
122,23,0.02993,1.5,3.626,2.9696,0.15,0.232
123,49,0.03489,1.5,3.6049,2.8862,0.174,0.26
124,49,0.03949,1.5,3.5302,2.92,0.239,0.303
125,30,0.02397,1.5,3.6268,2.8997,0.14,0.216
126,13,0.02514,1.5,3.5762,2.8863,0.166,0.268
127,24,0.02128,1.5,3.6241,2.9066,0.153,0.231
128,17,0.02524,1.5,3.5788,2.8779,0.178,0.259
129,41,0.02089,1.5,3.628,2.8545,0.104,0.181
130,16,0.01996,1.5,3.5927,2.8935,0.182,0.246
131,13,0.03018,1.5,3.5387,2.8909,0.171,0.263
132,34,0.01768,1.5,3.6241,2.8889,0.132,0.224
133,10,0.02719,1.5,3.508,2.8259,0.201,0.27
134,24,0.0184,1.5,3.5661,2.8814,0.17,0.264
135,17,0.02248,1.5,3.5253,2.8222,0.201,0.28
136,19,0.02619,1.5,3.4909,2.773,0.187,0.272
137,39,0.01656,1.5,3.5315,2.8093,0.203,0.272
138,22,0.02509,1.5,3.5236,2.8678,0.179,0.265
139,12,0.02252,1.5,3.5121,2.8451,0.229,0.292
140,29,0.03074,1.5,3.4726,2.8424,0.25,0.328
141,49,0.02683,1.5,3.5003,2.827,0.198,0.276
142,31,0.02386,1.5,3.4639,2.7805,0.219,0.307
143,22,0.02362,1.5,3.4304,2.7821,0.261,0.334
144,19,0.02123,1.5,3.4522,2.8152,0.204,0.303
145,25,0.02749,1.5,3.4092,2.823,0.291,0.367
146,11,0.02648,1.5,3.4571,2.7823,0.223,0.299
147,31,0.02131,1.5,3.3929,2.7847,0.232,0.324
148,49,0.03012,1.5,3.3744,2.7256,0.28,0.335
149,12,0.02902,1.5,3.4037,2.7786,0.209,0.301
150,25,0.0249,1.5,3.4385,2.7598,0.177,0.257
151,20,0.03228,1.5,3.4269,2.7275,0.196,0.267
152,9,0.02646,1.5,3.4616,2.7613,0.173,0.249
153,31,0.02617,1.5,3.4142,2.7713,0.213,0.283
154,27,0.02415,1.5,3.3878,2.7301,0.22,0.293
155,17,0.036,1.5,3.3938,2.7802,0.218,0.324
156,21,0.0305,1.5,3.3631,2.7663,0.236,0.329
157,23,0.03307,1.5,3.3781,2.7533,0.242,0.331
158,19,0.03689,1.5,3.3669,2.7809,0.252,0.354
159,21,0.03107,1.5,3.4147,2.8176,0.224,0.314
160,16,0.03868,1.5,3.3696,2.7284,0.23,0.336
161,20,0.02687,1.5,3.3386,2.6829,0.27,0.338
162,26,0.0284,1.5,3.4438,2.7874,0.175,0.256
163,18,0.04192,1.0,3.3967,2.7964,0.235,0.331
164,28,0.02328,1.0,3.3726,2.7293,0.254,0.314
165,17,0.02397,1.0,3.3739,2.6936,0.259,0.305
166,32,0.02151,1.0,3.4356,2.7666,0.181,0.256
167,25,0.01056,1.0,3.3672,2.7362,0.233,0.288
168,13,0.01583,1.0,3.3549,2.7408,0.278,0.317
169,17,0.01667,1.0,3.3681,2.7197,0.192,0.244
170,15,0.02174,1.0,3.3586,2.6809,0.244,0.29
171,22,0.01275,1.0,3.3255,2.7572,0.28,0.34
172,15,0.01643,1.0,3.3285,2.7356,0.285,0.336
173,19,0.01987,1.0,3.2756,2.6717,0.294,0.364
174,17,0.02371,1.0,3.3284,2.7248,0.293,0.35
175,17,0.01888,1.0,3.3755,2.7526,0.265,0.305
176,11,0.01991,1.0,3.3606,2.7075,0.278,0.332
177,13,0.03009,1.0,3.356,2.7108,0.177,0.252
178,34,0.0201,1.0,3.3147,2.6823,0.27,0.326
179,25,0.019,1.0,3.369,2.6832,0.203,0.258
180,16,0.01554,1.0,3.2883,2.6983,0.29,0.334
181,25,0.01551,1.0,3.2898,2.7333,0.319,0.38
182,22,0.01064,1.0,3.3305,2.7237,0.233,0.282
183,15,0.02021,1.0,3.2776,2.6558,0.256,0.331
184,25,0.01813,1.0,3.3203,2.6671,0.249,0.303
185,18,0.02092,1.0,3.3879,2.7357,0.163,0.211
186,26,0.02335,1.0,3.3035,2.6802,0.237,0.288
187,19,0.0197,1.0,3.3224,2.6539,0.221,0.276
188,17,0.01378,1.0,3.3522,2.7215,0.218,0.279
189,21,0.01812,1.0,3.2616,2.7231,0.281,0.321
190,21,0.01432,1.0,3.3021,2.6927,0.246,0.292
191,12,0.01701,1.0,3.3815,2.6958,0.206,0.245
192,23,0.01698,1.0,3.3424,2.679,0.22,0.285
193,29,0.01903,1.0,3.3528,2.6872,0.236,0.272
194,15,0.01454,1.0,3.363,2.7397,0.261,0.313
195,15,0.01703,1.0,3.3503,2.709,0.224,0.272
196,20,0.01775,1.0,3.3327,2.7147,0.231,0.282
197,25,0.01577,1.0,3.3295,2.7169,0.255,0.301
198,19,0.01244,1.0,3.3739,2.7109,0.204,0.264
199,23,0.01982,1.0,3.2883,2.6451,0.239,0.285
200,13,0.01653,1.0,3.3639,2.6854,0.2,0.253
201,15,0.01358,1.0,3.3936,2.6895,0.191,0.255
202,21,0.01442,1.0,3.321,2.7099,0.27,0.316
203,17,0.0149,1.0,3.3546,2.6666,0.217,0.265
204,17,0.01836,1.0,3.3001,2.6586,0.259,0.309
205,13,0.02356,1.0,3.2655,2.6609,0.31,0.352
206,14,0.0211,1.0,3.29,2.6746,0.267,0.316
207,16,0.01474,1.0,3.3108,2.671,0.276,0.324
208,29,0.02206,1.0,3.2836,2.6283,0.279,0.332
209,10,0.01836,1.0,3.2478,2.625,0.273,0.323
210,15,0.02151,1.0,3.3259,2.6612,0.26,0.303
211,21,0.02297,1.0,3.2859,2.6223,0.228,0.288
212,20,0.01826,1.0,3.2595,2.6093,0.24,0.286
213,10,0.02633,1.0,3.3714,2.6707,0.22,0.265
214,14,0.02642,1.0,3.2881,2.6148,0.217,0.275
215,14,0.01942,1.0,3.2746,2.6978,0.297,0.35
216,17,0.01526,1.0,3.2774,2.6224,0.209,0.255
217,15,0.01149,1.0,3.294,2.5701,0.232,0.28
218,17,0.02,1.0,3.2721,2.6368,0.278,0.331
219,15,0.00925,1.5,3.237,2.6457,0.274,0.332
220,16,0.03841,1.5,3.1823,2.5426,0.257,0.319
221,15,0.02687,1.5,3.2367,2.5654,0.208,0.272
222,18,0.02847,1.5,3.2367,2.6252,0.286,0.335
223,12,0.03008,1.5,3.2114,2.624,0.292,0.35
224,19,0.01931,1.5,3.2165,2.5867,0.265,0.333
225,19,0.03362,1.5,3.2211,2.5959,0.232,0.31
226,28,0.03811,1.5,3.2583,2.5304,0.205,0.278
227,31,0.04023,1.0,3.1944,2.6347,0.317,0.395
228,15,0.02472,1.0,3.276,2.6129,0.26,0.312
229,12,0.02357,1.0,3.2177,2.5966,0.28,0.333
230,25,0.01425,1.0,3.2608,2.565,0.243,0.287
231,21,0.01681,1.0,3.2379,2.6288,0.304,0.361
232,15,0.01097,1.0,3.1908,2.5708,0.272,0.324
233,28,0.01681,1.0,3.336,2.526,0.21,0.262
234,21,0.0192,1.0,3.2606,2.5421,0.209,0.282
235,17,0.02057,1.0,3.2264,2.5232,0.272,0.325
236,21,0.01512,1.0,3.2762,2.5483,0.247,0.298
237,28,0.02092,1.0,3.254,2.5672,0.269,0.322
238,9,0.0138,1.0,3.2529,2.5525,0.231,0.291
239,16,0.02404,1.0,3.2538,2.5958,0.251,0.319
240,9,0.01834,1.0,3.1866,2.5693,0.265,0.331
241,27,0.0198,1.0,3.2359,2.5218,0.229,0.305
242,25,0.02677,1.0,3.2192,2.5523,0.276,0.327
243,11,0.02748,1.0,3.1584,2.4671,0.323,0.377
244,25,0.02756,1.0,3.1571,2.5435,0.308,0.386
245,14,0.02059,1.0,3.2544,2.5235,0.225,0.284
246,16,0.02092,1.0,3.1764,2.5408,0.281,0.357
247,20,0.02941,1.0,3.1675,2.5116,0.281,0.349
248,19,0.01429,1.0,3.1634,2.479,0.249,0.327
249,10,0.01936,1.0,3.1275,2.4392,0.302,0.382
250,17,0.0194,1.0,3.185,2.5447,0.289,0.352
251,19,0.02075,1.0,3.1912,2.517,0.22,0.296
252,14,0.01237,1.0,3.0576,2.4455,0.365,0.421
253,13,0.02008,1.0,3.1605,2.547,0.331,0.383
254,13,0.01328,1.0,3.1807,2.5008,0.253,0.331
255,15,0.01711,1.0,3.1198,2.4756,0.311,0.368
256,23,0.02519,1.0,3.2223,2.5147,0.202,0.272
257,15,0.02232,1.0,3.0551,2.5025,0.336,0.409
258,18,0.01327,1.0,3.1592,2.4487,0.229,0.292
259,16,0.01768,1.0,3.1587,2.4299,0.235,0.295
260,25,0.01332,1.0,3.1532,2.4372,0.207,0.288
261,12,0.01605,1.0,3.1852,2.4742,0.228,0.273
262,24,0.02006,1.0,3.2196,2.5275,0.244,0.306
263,10,0.02267,1.0,3.1288,2.4094,0.22,0.28
264,13,0.01669,1.0,3.2358,2.4164,0.166,0.232
265,18,0.01987,1.0,3.1445,2.4563,0.235,0.295
266,25,0.01786,1.0,3.1477,2.474,0.234,0.306
267,14,0.01517,1.0,3.1615,2.4823,0.253,0.309
268,9,0.01654,1.0,3.1623,2.4682,0.205,0.271
269,49,0.01853,1.0,3.1515,2.4087,0.215,0.275
270,12,0.02141,1.0,3.1332,2.457,0.271,0.311
271,18,0.01981,1.0,3.1422,2.4127,0.234,0.294
272,23,0.02683,1.0,3.1476,2.4595,0.221,0.289
273,14,0.01886,1.0,3.1032,2.3687,0.226,0.284
274,13,0.02833,1.0,3.1855,2.4896,0.186,0.261
275,14,0.04267,0.667,3.1213,2.433,0.238,0.287
276,12,0.03146,0.667,3.113,2.4286,0.246,0.291
277,15,0.02889,0.667,3.1916,2.4487,0.206,0.252
278,16,0.01493,0.667,3.1663,2.4681,0.23,0.275
279,20,0.0106,0.667,3.126,2.4938,0.221,0.262
280,14,0.0148,0.667,3.1041,2.3657,0.207,0.251
281,12,0.018,0.667,3.1333,2.3818,0.229,0.281
282,27,0.01203,0.667,3.104,2.3868,0.211,0.246
283,15,0.01872,0.667,3.0942,2.4084,0.223,0.27
284,11,0.01297,0.667,3.0871,2.4224,0.281,0.331
285,14,0.01456,0.667,3.0581,2.4036,0.262,0.307
286,26,0.00995,1.0,3.0991,2.3532,0.192,0.247
287,10,0.02472,1.0,2.9481,2.3178,0.279,0.367
288,22,0.03908,1.0,3.0105,2.3435,0.217,0.289
289,14,0.02885,1.0,3.0378,2.3407,0.185,0.284
290,22,0.02036,1.0,3.0042,2.2955,0.203,0.274
291,15,0.0273,1.0,2.9886,2.3807,0.253,0.311
292,23,0.01574,1.0,3.0237,2.3316,0.219,0.279
293,24,0.03144,1.0,3.0405,2.4001,0.237,0.302
294,21,0.0174,1.0,3.0137,2.3305,0.194,0.268
295,15,0.02335,1.0,2.9978,2.382,0.249,0.319
296,18,0.01782,1.0,3.0125,2.3602,0.241,0.323
297,20,0.02501,1.0,2.9825,2.2563,0.248,0.321
298,19,0.02572,1.0,3.0044,2.3193,0.257,0.327
299,12,0.03258,1.0,2.9579,2.379,0.287,0.358
300,15,0.01833,1.0,3.0428,2.2996,0.234,0.292
301,10,0.02354,1.0,2.8925,2.3056,0.275,0.326
302,13,0.02519,1.0,3.0278,2.2911,0.213,0.27
303,9,0.02311,1.0,2.9577,2.3361,0.259,0.319
304,17,0.02208,1.0,2.9428,2.3301,0.287,0.343
305,14,0.01807,1.0,2.9557,2.3098,0.268,0.335
306,11,0.01389,1.0,2.9395,2.3202,0.271,0.33
307,10,0.02163,1.0,2.9104,2.2882,0.258,0.316
308,16,0.02399,1.0,3.0249,2.3168,0.232,0.299
309,11,0.01469,1.0,2.8713,2.3039,0.362,0.423
310,17,0.02321,1.0,2.9328,2.2808,0.245,0.304
311,14,0.01314,1.0,2.8854,2.2818,0.305,0.397
312,24,0.01586,1.0,2.8648,2.3072,0.298,0.373
313,12,0.01701,1.0,2.8423,2.239,0.332,0.376
314,24,0.02455,1.0,2.8676,2.2378,0.262,0.344
315,11,0.02299,1.0,2.9328,2.3026,0.232,0.301
316,24,0.03411,1.0,2.8767,2.3142,0.285,0.372
317,10,0.0224,1.0,2.891,2.2313,0.218,0.281
318,10,0.02706,1.0,2.8272,2.2119,0.289,0.353
319,18,0.02377,1.0,2.8772,2.2732,0.289,0.384
320,12,0.02789,1.0,2.8086,2.241,0.326,0.388
321,18,0.02131,1.0,2.7788,2.2499,0.348,0.416
322,27,0.01758,1.0,2.8083,2.2524,0.335,0.391
323,13,0.01515,1.0,2.7939,2.1924,0.303,0.375
324,15,0.02372,1.0,2.7901,2.243,0.366,0.43
325,14,0.01353,1.0,2.8579,2.2387,0.32,0.381
326,21,0.02154,1.0,2.7531,2.2326,0.355,0.421
327,20,0.01662,1.0,2.8259,2.253,0.347,0.406
328,12,0.01319,1.0,2.838,2.2489,0.309,0.382
329,13,0.02131,1.0,2.7991,2.2297,0.347,0.402
330,11,0.01621,1.0,2.799,2.2203,0.329,0.405
331,14,0.02092,1.0,2.7892,2.1805,0.307,0.379
332,16,0.02335,1.0,2.8325,2.2712,0.298,0.364
333,21,0.02435,1.0,2.849,2.2294,0.265,0.35
334,16,0.01808,1.0,2.7022,2.138,0.381,0.422
335,14,0.02587,1.0,2.8029,2.2164,0.356,0.418
336,15,0.0239,1.0,2.7132,2.1938,0.387,0.441
337,10,0.01986,1.0,2.7372,2.153,0.322,0.385
338,11,0.03407,1.0,2.8129,2.2244,0.373,0.44
339,9,0.03589,1.0,2.7695,2.1919,0.328,0.402
340,15,0.02498,1.0,2.7085,2.112,0.341,0.396
341,31,0.02163,1.0,2.7267,2.1758,0.335,0.403
342,17,0.0128,1.0,2.7978,2.1718,0.316,0.375
343,20,0.01912,1.0,2.7257,2.1725,0.367,0.434
344,19,0.02258,1.0,2.7415,2.2709,0.385,0.446
345,13,0.0274,1.0,2.7496,2.2302,0.352,0.418
346,13,0.02036,1.0,2.7628,2.171,0.378,0.444
347,11,0.01629,1.0,2.8642,2.2258,0.293,0.347
348,11,0.01694,1.0,2.7938,2.1348,0.233,0.311
349,30,0.01969,1.0,2.8184,2.162,0.301,0.374
350,17,0.02706,1.0,2.6967,2.1872,0.38,0.437
351,9,0.02934,1.0,2.83,2.2188,0.237,0.342
352,20,0.02504,1.0,2.7316,2.1353,0.308,0.374
353,16,0.0204,1.0,2.8328,2.121,0.219,0.311
354,9,0.02807,1.0,2.7953,2.2158,0.291,0.344
355,9,0.02857,1.0,2.7844,2.1177,0.298,0.361
356,12,0.02645,1.0,2.7341,2.1595,0.313,0.389
357,11,0.02869,1.0,2.7336,2.1416,0.296,0.353
358,19,0.02752,1.0,2.7062,2.1158,0.315,0.39
359,19,0.02328,1.0,2.7394,2.1537,0.286,0.369
360,14,0.02858,1.0,2.7419,2.1316,0.309,0.389
361,21,0.02507,1.0,2.6942,2.041,0.345,0.387
362,16,0.03233,1.0,2.768,2.0982,0.253,0.334
363,11,0.02505,1.0,2.694,2.0911,0.322,0.379
364,17,0.03198,1.0,2.6927,2.0847,0.314,0.373
365,10,0.02175,1.0,2.6668,2.0691,0.322,0.408
366,21,0.02507,1.0,2.7194,2.1178,0.282,0.341
367,11,0.03094,1.0,2.6941,2.116,0.269,0.374
368,24,0.0255,1.0,2.6989,2.0552,0.284,0.351
369,18,0.03158,1.0,2.7856,2.1215,0.258,0.317
370,15,0.02258,1.0,2.7392,2.1685,0.258,0.333
371,22,0.02448,1.0,2.7044,2.1208,0.334,0.383
372,18,0.04059,0.667,2.6828,2.1011,0.261,0.341
373,20,0.02049,0.667,2.6864,2.1013,0.359,0.402
374,15,0.01582,0.667,2.7177,2.0285,0.292,0.343
375,17,0.0182,0.667,2.6358,2.0919,0.353,0.401
376,15,0.01784,0.667,2.7025,2.0843,0.299,0.346
377,16,0.01233,0.667,2.7533,2.0547,0.274,0.335
378,9,0.01725,0.667,2.6987,2.1296,0.344,0.38
379,20,0.01496,0.667,2.695,2.0939,0.281,0.349
380,15,0.01342,0.667,2.71,2.1109,0.306,0.373
381,14,0.0171,0.667,2.7155,2.1335,0.332,0.361
382,16,0.02314,0.667,2.6973,2.123,0.349,0.411
383,14,0.03612,0.667,2.7242,2.0653,0.28,0.342
384,9,0.02209,0.667,2.732,2.116,0.267,0.337
385,18,0.01795,0.667,2.653,2.0823,0.356,0.413
386,14,0.01115,0.667,2.7423,2.1078,0.263,0.311
387,16,0.01855,0.667,2.7468,2.059,0.213,0.29
388,16,0.02179,0.667,2.729,2.0551,0.233,0.3
389,27,0.02339,0.667,2.738,2.1004,0.281,0.353
390,17,0.02017,0.667,2.7001,2.0617,0.302,0.337
391,16,0.01561,0.667,2.6691,2.0525,0.3,0.371
392,9,0.01423,0.667,2.6826,2.1383,0.356,0.415
393,17,0.01765,0.667,2.7125,2.0956,0.329,0.374
394,11,0.01154,0.667,2.7046,2.0811,0.33,0.377
395,14,0.02213,0.667,2.6791,2.0648,0.29,0.352
396,23,0.02211,0.667,2.7267,2.1016,0.325,0.35
397,17,0.02923,0.667,2.6802,2.0211,0.287,0.364
398,24,0.01647,0.667,2.6744,2.0625,0.285,0.349
399,13,0.02157,0.667,2.6578,2.1146,0.335,0.397
400,15,0.01178,0.667,2.6811,2.0151,0.305,0.35
401,11,0.01562,0.667,2.6584,2.0499,0.341,0.383
402,21,0.01374,0.667,2.7009,2.0459,0.264,0.313
403,22,0.017,0.667,2.6629,2.0972,0.306,0.362
404,10,0.01383,0.667,2.7427,2.0514,0.226,0.289
405,15,0.01503,0.667,2.7446,2.1124,0.269,0.328
406,10,0.02086,0.667,2.6363,2.0745,0.325,0.375
407,21,0.01597,0.667,2.7358,2.0288,0.258,0.306
408,12,0.00986,1.0,2.672,2.0168,0.272,0.318
409,16,0.02039,1.0,2.6592,2.0274,0.301,0.386
410,24,0.02514,1.0,2.6021,2.0053,0.292,0.354
411,11,0.0326,1.0,2.6263,1.9892,0.274,0.356
412,9,0.02449,1.0,2.6116,2.0567,0.325,0.391
413,11,0.02829,1.0,2.7292,2.0945,0.294,0.365
414,14,0.03731,1.0,2.5883,2.0405,0.322,0.373
415,17,0.02986,1.0,2.6792,2.1065,0.337,0.405
416,11,0.02774,1.0,2.6764,2.0149,0.29,0.34
417,17,0.02987,1.0,2.7048,2.0906,0.276,0.339
418,12,0.03281,1.0,2.6061,1.9285,0.282,0.335
419,17,0.04516,0.667,2.6208,2.0704,0.336,0.386
420,20,0.02695,0.667,2.5493,2.0043,0.361,0.399
421,25,0.02302,0.667,2.7562,2.0117,0.184,0.261
422,12,0.01439,0.667,2.6886,2.1187,0.298,0.336
423,18,0.02778,0.667,2.5662,2.0483,0.393,0.428
424,28,0.01071,0.667,2.5796,1.9368,0.299,0.353
425,15,0.01832,0.667,2.5955,2.0262,0.346,0.407
426,14,0.01929,0.667,2.7146,2.016,0.302,0.339
427,12,0.01301,0.667,2.678,2.0096,0.307,0.353
428,16,0.024,0.667,2.5407,2.0233,0.372,0.413
429,11,0.02717,0.667,2.6123,1.9391,0.272,0.319
430,15,0.03337,0.667,2.6414,1.9866,0.323,0.373
431,9,0.01775,0.667,2.5943,1.9843,0.355,0.39
432,22,0.01394,0.667,2.5889,1.9522,0.311,0.358
433,9,0.01234,0.667,2.6211,1.9974,0.289,0.343
434,9,0.01926,0.667,2.6134,2.0232,0.317,0.363
435,17,0.01796,0.667,2.6695,2.0426,0.292,0.358
436,16,0.01401,0.667,2.6781,1.9482,0.261,0.3
437,13,0.01726,0.667,2.6331,2.0505,0.347,0.367
438,17,0.02213,0.667,2.6185,2.0114,0.3,0.364
439,14,0.01545,0.667,2.6569,2.0405,0.3,0.353
440,15,0.01876,0.667,2.5459,1.9546,0.285,0.337
441,14,0.01636,0.667,2.5545,1.9388,0.33,0.384
442,16,0.0195,0.667,2.6452,2.0026,0.271,0.317
443,18,0.0288,0.667,2.5504,1.8691,0.266,0.319
444,13,0.0127,0.667,2.5181,1.8887,0.34,0.376
445,9,0.01464,0.667,2.4836,1.9608,0.395,0.436
446,9,0.01228,0.667,2.6082,1.9239,0.304,0.361
447,15,0.01289,0.667,2.5627,1.9453,0.331,0.374
448,16,0.01121,0.667,2.5067,1.9527,0.368,0.404
449,11,0.01141,0.667,2.5652,1.9129,0.32,0.371
450,10,0.0161,0.667,2.479,1.9143,0.398,0.452
451,13,0.01093,0.667,2.4976,1.8969,0.33,0.367
452,16,0.01927,0.667,2.4542,1.8886,0.43,0.47
453,15,0.01074,0.667,2.3713,1.876,0.386,0.432
454,20,0.01186,0.667,2.4228,1.8592,0.373,0.42
455,12,0.01311,0.667,2.489,1.8859,0.371,0.415
456,15,0.01865,0.667,2.4563,1.9415,0.385,0.436
457,22,0.01439,0.667,2.4543,1.9394,0.376,0.43
458,9,0.0132,0.667,2.5341,1.8197,0.301,0.355
459,16,0.01567,0.667,2.4032,1.8249,0.349,0.402
460,17,0.01539,0.667,2.4597,1.8573,0.343,0.384
461,11,0.01683,0.667,2.3397,1.8037,0.417,0.462
462,12,0.01849,0.667,2.5138,1.851,0.301,0.344
463,21,0.02291,0.667,2.3937,1.8801,0.386,0.435
464,19,0.01436,0.667,2.3869,1.8759,0.433,0.481
465,20,0.01717,0.667,2.4862,1.8703,0.365,0.404
466,10,0.01423,0.667,2.4912,1.8718,0.334,0.373
467,11,0.01067,0.667,2.3602,1.8397,0.438,0.471
468,11,0.01619,0.667,2.361,1.8454,0.414,0.453
469,13,0.0087,1.0,2.4056,1.7975,0.384,0.425
470,10,0.02264,1.0,2.516,1.8693,0.267,0.336
471,11,0.01948,1.0,2.363,1.8161,0.383,0.445
472,15,0.01905,1.0,2.5076,1.8497,0.275,0.337
473,9,0.02155,1.0,2.39,1.8444,0.402,0.441
474,12,0.02166,1.0,2.3091,1.8079,0.415,0.465
475,25,0.02596,1.0,2.3297,1.822,0.44,0.485
476,13,0.02347,1.0,2.3126,1.8015,0.383,0.444
477,17,0.03511,1.0,2.3666,1.762,0.344,0.397
478,31,0.03982,1.0,2.407,1.7714,0.301,0.361
479,12,0.03001,1.0,2.3833,1.8146,0.396,0.453
480,26,0.02304,1.0,2.3581,1.7575,0.347,0.417
481,12,0.02422,1.0,2.3638,1.7898,0.391,0.453
482,21,0.02834,1.0,2.4368,1.8584,0.276,0.348
483,19,0.03468,1.0,2.3604,1.8072,0.329,0.384
484,15,0.02332,1.0,2.3236,1.8243,0.393,0.443
485,9,0.02746,1.0,2.3568,1.8393,0.396,0.456
486,10,0.03328,1.0,2.374,1.8535,0.383,0.427
487,11,0.03575,1.0,2.3599,1.766,0.32,0.367
488,26,0.02587,1.0,2.3778,1.7901,0.309,0.362
489,15,0.02999,1.0,2.4462,1.8723,0.347,0.4
490,23,0.02699,1.0,2.3369,1.7537,0.349,0.411
491,10,0.03437,1.0,2.3182,1.817,0.389,0.442
492,19,0.02762,1.0,2.3347,1.8845,0.395,0.445
493,10,0.02617,1.0,2.2983,1.7815,0.382,0.446
494,9,0.02164,1.0,2.3751,1.7999,0.327,0.375
495,15,0.02486,1.0,2.3091,1.7964,0.366,0.413
496,25,0.03605,1.0,2.2054,1.7011,0.388,0.442
497,13,0.04178,0.667,2.3146,1.8153,0.423,0.471
498,13,0.02153,0.667,2.303,1.7797,0.376,0.423
499,49,0.02112,0.667,2.3518,1.7814,0.305,0.344
500,17,0.01547,0.667,2.388,1.8616,0.319,0.382
501,15,0.02076,0.667,2.3987,1.8377,0.332,0.367
502,9,0.01943,0.667,2.3829,1.8458,0.348,0.379
503,11,0.01929,0.667,2.3913,1.7992,0.251,0.309
504,20,0.01303,0.667,2.3373,1.8006,0.328,0.362
505,18,0.01558,0.667,2.3161,1.8067,0.35,0.396
506,11,0.02031,0.667,2.4295,1.844,0.274,0.302
507,13,0.01786,0.667,2.2576,1.749,0.313,0.348
508,11,0.01659,0.667,2.3245,1.846,0.379,0.413
509,18,0.01369,0.667,2.3051,1.8079,0.391,0.416
510,14,0.01475,0.667,2.327,1.758,0.341,0.377
511,19,0.03221,0.667,2.2972,1.7675,0.334,0.366
512,13,0.03364,0.667,2.3675,1.7908,0.318,0.356
513,9,0.02511,0.667,2.4145,1.787,0.262,0.304
514,13,0.01947,0.667,2.3179,1.8123,0.322,0.36
515,12,0.03204,0.667,2.302,1.7498,0.33,0.361
516,15,0.02272,0.667,2.3126,1.7905,0.368,0.399
517,13,0.02037,0.667,2.4435,1.8606,0.299,0.334
518,13,0.02313,0.667,2.33,1.7449,0.305,0.364
519,20,0.02079,0.667,2.3604,1.7975,0.329,0.362
520,17,0.02469,0.667,2.355,1.8194,0.339,0.383
521,13,0.02234,0.667,2.3736,1.8358,0.302,0.339
522,16,0.01876,0.667,2.3644,1.8208,0.319,0.355
523,9,0.02159,0.667,2.3645,1.8141,0.356,0.39
524,30,0.01493,0.667,2.4214,1.8224,0.26,0.302
525,9,0.02133,0.667,2.3333,1.7831,0.315,0.347
526,15,0.02008,0.667,2.3993,1.8585,0.37,0.411
527,10,0.01868,0.667,2.3007,1.8123,0.391,0.427
528,24,0.02024,0.667,2.2819,1.8089,0.345,0.381
529,13,0.02394,0.667,2.3306,1.796,0.301,0.344
530,28,0.02639,0.667,2.3951,1.8616,0.318,0.366
531,22,0.02344,0.667,2.3549,1.7833,0.268,0.302
532,13,0.02455,0.667,2.3803,1.8381,0.322,0.356
533,23,0.02687,0.667,2.2927,1.7643,0.315,0.349
534,9,0.02683,0.667,2.2372,1.7832,0.388,0.42
535,13,0.0203,0.667,2.3808,1.7966,0.299,0.34
536,26,0.02539,0.667,2.303,1.7773,0.369,0.399
537,13,0.01133,0.667,2.3168,1.7205,0.312,0.35
538,15,0.02913,0.667,2.3813,1.8226,0.309,0.356
539,14,0.01475,0.667,2.2661,1.7439,0.333,0.372
540,20,0.02608,0.667,2.3501,1.7382,0.254,0.286
541,16,0.0279,0.667,2.3871,1.7954,0.284,0.329
542,21,0.03484,0.667,2.4353,1.7394,0.263,0.295
543,18,0.01872,0.667,2.4004,1.7691,0.268,0.308
544,13,0.02024,0.667,2.3914,1.7641,0.217,0.257
545,15,0.02552,0.667,2.3528,1.8007,0.32,0.353
546,22,0.02819,0.667,2.3478,1.7156,0.28,0.32
547,11,0.02365,0.667,2.3681,1.7104,0.271,0.308
548,10,0.03423,0.667,2.3857,1.7031,0.196,0.245
549,20,0.06814,0.444,2.4816,1.7841,0.254,0.287
550,23,0.03079,0.444,2.3872,1.7937,0.306,0.351
551,14,0.01932,0.444,2.4249,1.7634,0.294,0.321
552,15,0.01006,0.444,2.3627,1.7877,0.277,0.308
553,23,0.01205,0.444,2.3463,1.752,0.298,0.324
554,33,0.0107,0.444,2.3991,1.7035,0.228,0.255
555,17,0.01239,0.444,2.4155,1.7912,0.249,0.286
556,11,0.0122,0.444,2.3592,1.7422,0.291,0.327
557,9,0.01119,0.444,2.2897,1.6831,0.292,0.315
558,19,0.01212,0.444,2.3505,1.752,0.323,0.352
559,25,0.01084,0.444,2.4209,1.7001,0.269,0.3
560,19,0.00989,0.667,2.3482,1.7228,0.324,0.349
561,11,0.02194,0.667,2.2743,1.7654,0.373,0.411
562,29,0.02027,0.667,2.3283,1.6897,0.33,0.368
563,12,0.02003,0.667,2.3979,1.7605,0.291,0.334
564,17,0.01658,0.667,2.4546,1.8197,0.282,0.326
565,10,0.02171,0.667,2.3967,1.7451,0.284,0.325
566,15,0.02795,0.667,2.3658,1.7733,0.341,0.396
567,15,0.02062,0.667,2.3686,1.7426,0.29,0.312
568,18,0.01833,0.667,2.416,1.6888,0.225,0.288
569,13,0.01443,0.667,2.3906,1.7766,0.261,0.303
570,23,0.01622,0.667,2.2772,1.7422,0.376,0.413
571,11,0.02272,0.667,2.3545,1.7279,0.292,0.334
572,9,0.01799,0.667,2.4952,1.8059,0.261,0.305
573,13,0.02266,0.667,2.3594,1.7285,0.274,0.311
574,11,0.02351,0.667,2.3471,1.7516,0.363,0.4
575,11,0.01906,0.667,2.3541,1.731,0.348,0.39
576,17,0.01355,0.667,2.283,1.6927,0.316,0.363
577,17,0.01832,0.667,2.3135,1.6821,0.289,0.329
578,15,0.01782,0.667,2.3378,1.7555,0.334,0.377
579,27,0.0263,0.667,2.3151,1.6567,0.295,0.329
580,13,0.01652,0.667,2.2432,1.6364,0.356,0.392
581,11,0.02284,0.667,2.293,1.7126,0.345,0.401
582,49,0.02813,0.667,2.2151,1.6293,0.341,0.392
583,13,0.02444,0.667,2.3769,1.7377,0.283,0.334
584,13,0.01964,0.667,2.3752,1.705,0.253,0.303
585,15,0.0322,0.667,2.3082,1.6941,0.351,0.397
586,35,0.01581,0.667,2.2841,1.761,0.335,0.4
587,25,0.0146,0.667,2.3052,1.6999,0.308,0.359
588,17,0.01287,0.667,2.2877,1.7127,0.334,0.391
589,10,0.01296,0.667,2.3697,1.7554,0.307,0.367
590,15,0.01726,0.667,2.2261,1.6476,0.288,0.353
591,15,0.01187,0.667,2.3676,1.7379,0.292,0.326
592,11,0.01792,0.667,2.1869,1.695,0.385,0.473
593,16,0.01782,0.667,2.3083,1.6945,0.309,0.337
594,26,0.02591,0.667,2.3828,1.7532,0.299,0.361
595,14,0.02162,0.667,2.3021,1.6721,0.251,0.294
596,15,0.01883,0.667,2.2241,1.6506,0.34,0.407
597,14,0.02049,0.667,2.2771,1.6941,0.372,0.411
598,16,0.02119,0.667,2.3064,1.7161,0.342,0.381
599,40,0.01594,0.667,2.307,1.6977,0.291,0.344
600,9,0.0195,0.667,2.2543,1.6333,0.272,0.323
601,12,0.01701,0.667,2.2181,1.6438,0.292,0.345
602,49,0.01808,0.667,2.2168,1.6698,0.364,0.41
603,13,0.01913,0.667,2.2393,1.7247,0.38,0.436
604,11,0.0309,0.667,2.2848,1.6947,0.341,0.393
605,21,0.05167,0.444,2.2883,1.7228,0.306,0.35
606,13,0.02086,0.444,2.2111,1.6898,0.396,0.434
607,19,0.01189,0.444,2.2325,1.6992,0.367,0.391
608,12,0.00853,0.667,2.1834,1.6596,0.401,0.437
609,11,0.01802,0.667,2.3114,1.6784,0.255,0.299
610,13,0.01775,0.667,2.2499,1.6779,0.264,0.313
611,38,0.02139,0.667,2.2194,1.6825,0.353,0.41
612,9,0.01885,0.667,2.2517,1.6867,0.325,0.359
613,12,0.02311,0.667,2.3308,1.6815,0.262,0.313
614,11,0.02945,0.667,2.2622,1.6694,0.295,0.35
615,33,0.02594,0.667,2.3321,1.6965,0.303,0.345
616,9,0.02311,0.667,2.2573,1.698,0.29,0.331
617,11,0.01496,0.667,2.2274,1.649,0.305,0.366
618,32,0.02936,0.667,2.397,1.7004,0.186,0.235
619,17,0.0244,0.667,2.3485,1.7281,0.277,0.326
620,21,0.02903,0.667,2.3418,1.6974,0.269,0.331
621,19,0.03152,0.667,2.3572,1.6865,0.239,0.296
622,12,0.03731,0.667,2.2871,1.7478,0.318,0.369
623,18,0.02453,0.667,2.3782,1.7433,0.244,0.298
624,33,0.01061,0.667,2.3423,1.6549,0.25,0.304
625,11,0.01825,0.667,2.4528,1.8286,0.26,0.316
626,13,0.01924,0.667,2.3521,1.7406,0.313,0.364
627,15,0.02283,0.667,2.3007,1.6859,0.279,0.33
628,12,0.02016,0.667,2.2616,1.7008,0.36,0.419
629,11,0.01632,0.667,2.2085,1.6463,0.318,0.364
630,20,0.01822,0.667,2.3441,1.7189,0.257,0.314
631,49,0.01292,0.667,2.4255,1.7513,0.18,0.252
632,16,0.02443,0.667,2.1843,1.6188,0.28,0.337
633,26,0.01774,0.667,2.273,1.6791,0.325,0.371
634,11,0.02522,0.667,2.2961,1.7617,0.322,0.384
635,16,0.03851,0.667,2.3873,1.7622,0.228,0.279
636,9,0.02253,0.667,2.2334,1.673,0.332,0.376
637,44,0.03315,0.667,2.3635,1.7812,0.274,0.323
638,25,0.02399,0.667,2.3098,1.7581,0.329,0.383
639,13,0.02837,0.667,2.384,1.7603,0.229,0.303
640,15,0.01977,0.667,2.4246,1.7619,0.181,0.234
641,15,0.0148,0.667,2.3998,1.7957,0.27,0.326
642,13,0.02267,0.667,2.3322,1.7274,0.274,0.333
643,9,0.01931,0.667,2.3359,1.7466,0.294,0.338
644,13,0.01861,0.667,2.3949,1.7779,0.226,0.278
645,21,0.01078,0.667,2.43,1.7773,0.321,0.359
646,33,0.02399,0.667,2.312,1.751,0.339,0.39
647,11,0.02522,0.667,2.3834,1.7686,0.313,0.37
648,12,0.03057,0.667,2.4017,1.8035,0.245,0.296
649,15,0.02514,0.667,2.3713,1.7436,0.235,0.31
650,49,0.03102,0.667,2.3649,1.779,0.243,0.299
651,21,0.02566,0.667,2.3225,1.7957,0.29,0.337
652,15,0.02618,0.667,2.4417,1.8291,0.208,0.263
653,23,0.01675,0.667,2.3618,1.7999,0.297,0.337
654,18,0.01278,0.667,2.2996,1.7519,0.319,0.37
655,9,0.0284,0.667,2.3313,1.8465,0.333,0.395
656,46,0.03541,0.667,2.42,1.7932,0.253,0.308
657,11,0.01553,0.667,2.3211,1.7139,0.285,0.347
658,15,0.02392,0.667,2.3595,1.8388,0.317,0.372
659,24,0.01853,0.667,2.3494,1.7104,0.232,0.297
660,21,0.02501,0.667,2.4143,1.7624,0.285,0.336
661,17,0.02992,0.667,2.4563,1.8376,0.276,0.314
662,9,0.02296,0.667,2.3285,1.7576,0.302,0.355
663,15,0.01717,0.667,2.3562,1.7746,0.329,0.362
664,22,0.01575,0.667,2.4056,1.7662,0.264,0.32
665,23,0.02106,0.667,2.3765,1.708,0.245,0.284
666,19,0.02619,0.667,2.4213,1.7982,0.202,0.262
667,24,0.0227,0.667,2.3397,1.7695,0.328,0.372
668,17,0.01674,0.667,2.3638,1.7563,0.303,0.339
669,9,0.02683,0.667,2.3068,1.7513,0.259,0.33
670,20,0.02138,0.667,2.1953,1.705,0.329,0.385
671,11,0.01731,0.667,2.2874,1.7284,0.335,0.394
672,22,0.01479,0.667,2.378,1.7485,0.251,0.3
673,13,0.02194,0.667,2.2262,1.6508,0.369,0.41
674,30,0.0168,0.667,2.3742,1.7693,0.261,0.317
675,43,0.02035,0.667,2.3028,1.739,0.341,0.381
676,19,0.01903,0.667,2.2971,1.7142,0.279,0.329
677,19,0.01799,0.667,2.4927,1.8053,0.182,0.245
678,16,0.02937,0.667,2.3902,1.7953,0.224,0.271
679,49,0.01604,0.667,2.2674,1.7407,0.328,0.385
680,26,0.0374,0.667,2.3385,1.7858,0.323,0.375
681,21,0.04762,0.444,2.3604,1.798,0.282,0.336
682,39,0.01905,0.444,2.3445,1.7983,0.314,0.354
683,25,0.00929,0.667,2.3129,1.7617,0.366,0.407
684,17,0.01726,0.667,2.3748,1.8073,0.295,0.351
685,23,0.0291,0.667,2.365,1.7429,0.303,0.346
686,49,0.03486,0.667,2.3201,1.804,0.343,0.383
687,18,0.02424,0.667,2.3257,1.7661,0.304,0.359
688,22,0.0193,0.667,2.3121,1.7355,0.291,0.345
689,49,0.0199,0.667,2.262,1.7881,0.3,0.356
690,40,0.03583,0.667,2.341,1.757,0.315,0.364
691,24,0.05339,0.444,2.3185,1.7684,0.29,0.325
692,23,0.03212,0.444,2.3941,1.7986,0.28,0.312
693,27,0.01764,0.444,2.3201,1.7535,0.258,0.299
694,14,0.01273,0.444,2.4499,1.8391,0.232,0.291
695,29,0.01405,0.444,2.4321,1.8312,0.259,0.288
696,16,0.01152,0.444,2.3692,1.7677,0.259,0.296
697,17,0.00674,0.667,2.3427,1.7713,0.271,0.3
698,18,0.02244,0.667,2.3933,1.7941,0.187,0.225
699,15,0.01361,0.667,2.3882,1.7863,0.199,0.243
700,20,0.02403,0.667,2.3972,1.8321,0.237,0.291
701,45,0.02087,0.667,2.3697,1.7545,0.258,0.286
702,17,0.01721,0.667,2.4379,1.8878,0.301,0.35
703,20,0.02428,0.667,2.3641,1.848,0.284,0.332
704,26,0.02083,0.667,2.3969,1.7985,0.199,0.255
705,11,0.02399,0.667,2.3941,1.8116,0.197,0.265
706,13,0.02309,0.667,2.3761,1.814,0.21,0.255
707,27,0.02638,0.667,2.3623,1.7802,0.242,0.291
708,14,0.02551,0.667,2.4387,1.8055,0.212,0.279
709,35,0.0289,0.667,2.4048,1.809,0.295,0.333
710,49,0.01501,0.667,2.3859,1.7771,0.175,0.228
711,15,0.02176,0.667,2.341,1.7694,0.255,0.306
712,11,0.0319,0.667,2.3575,1.7617,0.273,0.305
713,15,0.03103,0.667,2.3037,1.8031,0.285,0.323
714,16,0.01674,0.667,2.33,1.79,0.242,0.294
715,20,0.02247,0.667,2.4254,1.8172,0.25,0.309
716,15,0.03161,0.667,2.3821,1.8061,0.211,0.254
717,16,0.02297,0.667,2.3528,1.7434,0.199,0.241
718,16,0.0245,0.667,2.3324,1.8057,0.253,0.287
719,13,0.02802,0.667,2.309,1.7759,0.214,0.262
720,17,0.02517,0.667,2.3252,1.8166,0.251,0.281
721,23,0.0296,0.667,2.3573,1.7544,0.152,0.197
722,23,0.03577,0.667,2.4385,1.8135,0.186,0.229
723,32,0.03891,0.667,2.3788,1.7898,0.179,0.226
724,11,0.03541,0.667,2.3633,1.8128,0.233,0.265
725,15,0.03409,0.667,2.3222,1.7639,0.22,0.255
726,13,0.02461,0.667,2.3514,1.7822,0.196,0.236
727,21,0.01832,0.667,2.3745,1.7471,0.176,0.215
728,17,0.01955,0.667,2.3084,1.7207,0.222,0.253
729,15,0.0143,0.667,2.2774,1.7567,0.281,0.332
730,29,0.0281,0.667,2.2446,1.6743,0.286,0.329
731,27,0.03537,0.667,2.2376,1.7049,0.274,0.314
732,15,0.03782,0.667,2.3125,1.7884,0.266,0.319
733,18,0.02146,0.667,2.29,1.7048,0.221,0.261
734,13,0.02832,0.667,2.1965,1.6876,0.249,0.29
735,49,0.01441,0.667,2.2321,1.7188,0.293,0.332
736,14,0.04003,0.444,2.1984,1.7182,0.333,0.388
737,25,0.02302,0.444,2.2728,1.6841,0.274,0.3
738,20,0.01604,0.444,2.2964,1.7576,0.287,0.315
739,31,0.02531,0.444,2.3485,1.7441,0.244,0.277
740,17,0.02523,0.444,2.2974,1.7512,0.276,0.304
741,25,0.01949,0.444,2.1622,1.6775,0.344,0.379
742,30,0.01306,0.444,2.2778,1.6631,0.243,0.287
743,49,0.01547,0.444,2.3381,1.7228,0.204,0.233
744,23,0.0138,0.444,2.299,1.7467,0.256,0.294
745,12,0.01936,0.444,2.2926,1.6791,0.258,0.289
746,17,0.01281,0.444,2.2516,1.6934,0.285,0.308
747,15,0.01511,0.444,2.2403,1.6959,0.279,0.308
748,21,0.01968,0.444,2.279,1.7038,0.298,0.321
749,9,0.01413,0.444,2.2395,1.6615,0.249,0.281
750,19,0.00909,0.667,2.2114,1.6318,0.261,0.284
751,9,0.03121,0.667,2.2767,1.6961,0.213,0.256
752,15,0.02087,0.667,2.2777,1.6947,0.257,0.29
753,11,0.02409,0.667,2.3167,1.6708,0.206,0.242
754,16,0.02388,0.667,2.2539,1.6621,0.271,0.313
755,15,0.02144,0.667,2.2604,1.7209,0.325,0.362
756,20,0.02414,0.667,2.3087,1.6712,0.224,0.255
757,16,0.02302,0.667,2.1854,1.6323,0.297,0.328
758,23,0.01656,0.667,2.2735,1.6855,0.256,0.294
759,15,0.02006,0.667,2.202,1.6762,0.322,0.354
760,19,0.01777,0.667,2.2621,1.6487,0.273,0.315
761,18,0.02813,0.667,2.2135,1.6698,0.287,0.333
762,12,0.02428,0.667,2.2965,1.7166,0.234,0.285
763,14,0.01729,0.667,2.2667,1.6334,0.228,0.258
764,14,0.01972,0.667,2.2782,1.663,0.273,0.305
765,28,0.02133,0.667,2.2912,1.6333,0.231,0.263
766,9,0.02122,0.667,2.2505,1.6459,0.231,0.263
767,32,0.01745,0.667,2.2969,1.6935,0.26,0.296
768,27,0.03558,0.667,2.2858,1.6685,0.267,0.303
769,32,0.014,0.667,2.3066,1.6889,0.324,0.363
770,27,0.03256,0.667,2.2601,1.6972,0.335,0.377
771,14,0.01924,0.667,2.2254,1.655,0.3,0.343
772,10,0.01756,0.667,2.1813,1.6317,0.328,0.369
773,26,0.01771,0.667,2.156,1.6131,0.36,0.391
774,18,0.0216,0.667,2.264,1.7048,0.345,0.379
775,25,0.02106,0.667,2.1823,1.6019,0.372,0.413
776,26,0.02702,0.667,2.2875,1.6651,0.24,0.287
777,21,0.02174,0.667,2.1671,1.6166,0.387,0.411
778,14,0.03706,0.667,2.2272,1.6782,0.31,0.357
779,20,0.02656,0.667,2.2578,1.6805,0.308,0.35
780,17,0.01899,0.667,2.2652,1.6854,0.309,0.359
781,11,0.02255,0.667,2.1531,1.6317,0.342,0.383
782,12,0.02472,0.667,2.2363,1.659,0.303,0.351
783,17,0.01887,0.667,2.1557,1.6298,0.333,0.375
784,21,0.02694,0.667,2.1924,1.6821,0.319,0.36
785,13,0.02783,0.667,2.2059,1.6843,0.352,0.389
786,25,0.02459,0.667,2.1473,1.6488,0.379,0.42
787,49,0.03287,0.667,2.1713,1.5664,0.308,0.346
788,13,0.0381,0.667,2.2312,1.6658,0.258,0.306
789,30,0.02114,0.667,2.2064,1.6302,0.35,0.383
790,18,0.02908,0.667,2.2898,1.5961,0.222,0.269
791,17,0.02464,0.667,2.2915,1.7092,0.288,0.327
792,49,0.02157,0.667,2.1825,1.6017,0.215,0.269
793,49,0.02172,0.667,2.2583,1.6282,0.216,0.26
794,39,0.01794,0.667,2.2292,1.6766,0.318,0.364
795,12,0.0158,0.667,2.2234,1.5842,0.255,0.298
796,23,0.01788,0.667,2.198,1.5849,0.226,0.276
797,23,0.01905,0.667,2.2045,1.6367,0.263,0.311
798,49,0.01976,0.667,2.1714,1.5757,0.262,0.322
799,46,0.02253,0.667,2.2797,1.6205,0.226,0.263
800,17,0.02086,0.667,2.1848,1.5884,0.285,0.32
801,49,0.02058,0.667,2.2938,1.6573,0.229,0.282
802,22,0.02102,0.667,2.2428,1.6346,0.208,0.245
803,24,0.02007,0.667,2.2195,1.658,0.207,0.25
804,13,0.01946,0.667,2.2921,1.6819,0.164,0.204
805,14,0.03323,0.667,2.2392,1.6154,0.19,0.248
806,9,0.02435,0.667,2.2471,1.6024,0.179,0.215
807,17,0.02562,0.667,2.1968,1.6547,0.264,0.301
808,15,0.02448,0.667,2.1867,1.6079,0.23,0.272
809,49,0.03636,0.667,2.1954,1.5904,0.189,0.229
810,46,0.04537,0.444,2.276,1.628,0.229,0.257
811,11,0.0313,0.444,2.2641,1.5756,0.156,0.196
812,12,0.01108,0.444,2.2056,1.6398,0.271,0.293
813,14,0.01486,0.444,2.2552,1.6075,0.207,0.234
814,22,0.01515,0.444,2.2706,1.6367,0.236,0.266
815,17,0.00899,0.667,2.2425,1.6011,0.242,0.268
816,11,0.02544,0.667,2.2123,1.637,0.197,0.214
817,11,0.03028,0.667,2.1981,1.5418,0.21,0.251
818,11,0.035,0.667,2.3116,1.6872,0.229,0.276
819,17,0.02076,0.667,2.2968,1.6347,0.221,0.267
820,12,0.01478,0.667,2.2304,1.6194,0.228,0.261
821,43,0.02626,0.667,2.2476,1.6963,0.263,0.304
822,23,0.02806,0.667,2.1593,1.594,0.28,0.319
823,13,0.03354,0.667,2.2007,1.593,0.25,0.292
824,34,0.01809,0.667,2.3004,1.66,0.256,0.304
825,14,0.02211,0.667,2.1683,1.5794,0.278,0.315
826,9,0.02536,0.667,2.2157,1.6053,0.218,0.26
827,26,0.03462,0.667,2.2503,1.6532,0.254,0.301
828,16,0.02169,0.667,2.2231,1.5852,0.22,0.273
829,16,0.03262,0.667,2.1943,1.6074,0.228,0.267
830,20,0.04076,0.444,2.2569,1.5782,0.21,0.264
831,15,0.01876,0.444,2.2787,1.6245,0.234,0.261
832,9,0.01343,0.444,2.2163,1.5749,0.234,0.259
833,18,0.00898,0.667,2.2416,1.6078,0.24,0.271
834,9,0.02151,0.667,2.1915,1.5776,0.224,0.278
835,9,0.02348,0.667,2.2061,1.6231,0.196,0.244
836,17,0.03221,0.667,2.1483,1.583,0.221,0.266
837,9,0.03269,0.667,2.2559,1.6311,0.201,0.246
838,11,0.02143,0.667,2.2067,1.543,0.177,0.218
839,22,0.034,0.667,2.1841,1.5422,0.158,0.211
840,13,0.02057,0.667,2.1968,1.5745,0.212,0.26
841,49,0.03343,0.667,2.3222,1.6504,0.126,0.177
842,21,0.02251,0.667,2.2251,1.6077,0.16,0.225
843,25,0.0347,0.667,2.1965,1.6374,0.222,0.273
844,28,0.04211,0.444,2.1408,1.5636,0.24,0.281
845,22,0.02208,0.444,2.3277,1.6458,0.153,0.198
846,32,0.01236,0.444,2.212,1.617,0.231,0.268
847,25,0.01471,0.444,2.2786,1.6239,0.24,0.275
848,34,0.01212,0.444,2.2366,1.6278,0.256,0.289
849,19,0.02334,0.444,2.2459,1.6369,0.227,0.251
850,32,0.01372,0.444,2.3205,1.6787,0.248,0.29
851,9,0.00791,0.667,2.2863,1.6095,0.178,0.219
852,27,0.02166,0.667,2.2394,1.5972,0.23,0.251
853,26,0.03666,0.667,2.3372,1.684,0.178,0.237
854,28,0.02776,0.667,2.3098,1.6533,0.229,0.291
855,23,0.02331,0.667,2.2323,1.6371,0.258,0.293
856,20,0.02319,0.667,2.2593,1.6924,0.236,0.28
857,23,0.02198,0.667,2.1813,1.5683,0.279,0.33
858,25,0.01409,0.667,2.3605,1.6854,0.194,0.232
859,20,0.03127,0.667,2.3137,1.7437,0.246,0.293
860,23,0.01773,0.667,2.2267,1.6442,0.232,0.292
861,29,0.02559,0.667,2.338,1.673,0.233,0.27
862,14,0.02738,0.667,2.2284,1.6472,0.234,0.277
863,10,0.02185,0.667,2.2371,1.6755,0.302,0.363
864,21,0.02785,0.667,2.2752,1.6303,0.229,0.272
865,17,0.01674,0.667,2.2379,1.6163,0.262,0.317
866,15,0.02093,0.667,2.2511,1.6743,0.307,0.344
867,13,0.01395,0.667,2.2581,1.6484,0.237,0.29
868,13,0.02195,0.667,2.1845,1.6464,0.248,0.289
869,11,0.01451,0.667,2.2673,1.6858,0.315,0.365
870,16,0.02386,0.667,2.2205,1.5988,0.265,0.306
871,16,0.018,0.667,2.2393,1.627,0.212,0.274
872,23,0.02954,0.667,2.2765,1.7197,0.241,0.296
873,49,0.02687,0.667,2.3373,1.7026,0.266,0.307
874,49,0.03175,0.667,2.301,1.7212,0.171,0.231
875,24,0.03106,0.667,2.2757,1.7371,0.2,0.254
876,49,0.02498,0.667,2.1852,1.7139,0.29,0.35
877,9,0.02318,0.667,2.171,1.7215,0.273,0.326
878,19,0.02591,0.667,2.1239,1.6576,0.318,0.374
879,38,0.02456,0.667,2.2967,1.7573,0.202,0.249
880,21,0.01818,0.667,2.236,1.6529,0.189,0.229
881,9,0.0323,0.667,2.2871,1.7039,0.211,0.257
882,25,0.03418,0.667,2.1653,1.7083,0.303,0.358
883,13,0.04312,0.444,2.2995,1.757,0.217,0.247
884,42,0.02031,0.444,2.2191,1.7315,0.252,0.311
885,24,0.01598,0.444,2.2731,1.7259,0.291,0.312
886,25,0.0194,0.444,2.2467,1.7617,0.275,0.313
887,18,0.01619,0.444,2.361,1.8077,0.178,0.224
888,11,0.01273,0.444,2.2614,1.7437,0.264,0.285
889,23,0.01542,0.444,2.2712,1.7364,0.267,0.31
890,49,0.0181,0.444,2.2568,1.7307,0.228,0.265
891,20,0.01838,0.444,2.2449,1.7797,0.242,0.275
892,17,0.01286,0.444,2.2583,1.7472,0.276,0.302
893,17,0.01894,0.444,2.3265,1.8026,0.289,0.316
894,12,0.01387,0.444,2.2824,1.7274,0.265,0.302
895,23,0.00985,0.667,2.2647,1.7382,0.249,0.273
896,12,0.02537,0.667,2.2025,1.7185,0.327,0.37
897,13,0.0232,0.667,2.3175,1.7714,0.239,0.287
898,27,0.02613,0.667,2.1849,1.7062,0.251,0.302
899,20,0.02568,0.667,2.2679,1.7531,0.271,0.319
900,11,0.02576,0.667,2.2431,1.7633,0.318,0.356
901,13,0.01607,0.667,2.2677,1.7392,0.231,0.274
902,30,0.02065,0.667,2.2996,1.7755,0.229,0.291
903,19,0.031,0.667,2.1723,1.704,0.297,0.345
904,22,0.02283,0.667,2.3522,1.7573,0.188,0.246
905,21,0.02026,0.667,2.2892,1.7028,0.22,0.282
906,33,0.03067,0.667,2.2685,1.707,0.263,0.296
907,35,0.02675,0.667,2.2961,1.7729,0.308,0.332
908,23,0.01819,0.667,2.3463,1.7641,0.13,0.185
909,13,0.01888,0.667,2.338,1.7579,0.207,0.264
910,49,0.02034,0.667,2.2314,1.7193,0.261,0.302
911,49,0.04102,0.444,2.2453,1.8394,0.297,0.338
912,20,0.01404,0.444,2.1888,1.7474,0.294,0.322
913,23,0.0123,0.444,2.2184,1.7551,0.267,0.291
914,49,0.01348,0.444,2.3048,1.8721,0.195,0.237
915,17,0.01113,0.444,2.2695,1.7602,0.203,0.242
916,42,0.01394,0.444,2.1839,1.7331,0.29,0.333
917,17,0.01023,0.444,2.2541,1.7766,0.211,0.251
918,49,0.02541,0.444,2.2499,1.7618,0.194,0.229
919,20,0.02832,0.444,2.2948,1.8049,0.223,0.258
920,27,0.01473,0.444,2.2513,1.7216,0.175,0.207
921,19,0.01078,0.444,2.3287,1.787,0.265,0.299
922,9,0.00842,0.667,2.2305,1.6923,0.257,0.293
923,16,0.02877,0.667,2.2919,1.8453,0.246,0.31
924,19,0.02211,0.667,2.3022,1.7881,0.287,0.332
925,13,0.02838,0.667,2.2729,1.734,0.252,0.304
926,17,0.02981,0.667,2.2053,1.7989,0.324,0.38
927,39,0.028,0.667,2.2746,1.7528,0.276,0.327
928,17,0.03169,0.667,2.2797,1.7422,0.293,0.337
929,17,0.03693,0.667,2.29,1.8263,0.275,0.319
930,9,0.04086,0.444,2.2261,1.7898,0.287,0.33
931,13,0.01968,0.444,2.3069,1.7442,0.225,0.266
932,18,0.02756,0.444,2.279,1.7606,0.248,0.284
933,18,0.01882,0.444,2.2722,1.7734,0.292,0.33
934,21,0.01475,0.444,2.3735,1.8411,0.231,0.285
935,11,0.01343,0.444,2.2517,1.7962,0.312,0.343
936,27,0.01522,0.444,2.3049,1.7802,0.199,0.236
937,17,0.02222,0.444,2.2921,1.7983,0.29,0.32
938,22,0.01413,0.444,2.3269,1.7542,0.217,0.25
939,17,0.02063,0.444,2.2056,1.7129,0.291,0.335
940,24,0.01187,0.444,2.2808,1.759,0.274,0.308
941,9,0.00983,0.667,2.2404,1.7573,0.292,0.319
942,21,0.01685,0.667,2.2772,1.7542,0.258,0.297
943,14,0.02524,0.667,2.2575,1.6962,0.254,0.295
944,16,0.03031,0.667,2.2429,1.7438,0.277,0.317
945,21,0.03357,0.667,2.3038,1.7669,0.258,0.301
946,41,0.0227,0.667,2.3634,1.7486,0.224,0.264
947,21,0.02466,0.667,2.3666,1.7973,0.231,0.281
948,12,0.02542,0.667,2.3795,1.7797,0.147,0.205
949,13,0.0151,0.667,2.3444,1.7602,0.144,0.189
950,20,0.0248,0.667,2.2993,1.7782,0.251,0.295
951,10,0.02167,0.667,2.2949,1.7662,0.237,0.278
952,17,0.02183,0.667,2.2795,1.6753,0.238,0.275
953,11,0.01902,0.667,2.3133,1.775,0.24,0.303
954,9,0.02882,0.667,2.3827,1.7912,0.214,0.264
955,22,0.01771,0.667,2.2581,1.712,0.28,0.324
956,15,0.01851,0.667,2.2864,1.7862,0.258,0.3
957,28,0.02819,0.667,2.3316,1.7766,0.224,0.281
958,14,0.02115,0.667,2.3479,1.7586,0.218,0.272
959,14,0.01584,0.667,2.2717,1.7032,0.264,0.304
960,27,0.02489,0.667,2.2537,1.766,0.254,0.292
961,14,0.02957,0.667,2.252,1.6693,0.238,0.294
962,22,0.02313,0.667,2.3242,1.7267,0.248,0.302
963,31,0.02261,0.667,2.2656,1.703,0.288,0.327
964,16,0.02716,0.667,2.3851,1.7405,0.218,0.278
965,20,0.0217,0.667,2.3113,1.6698,0.277,0.33
966,17,0.02026,0.667,2.3364,1.7353,0.299,0.334
967,13,0.0191,0.667,2.2854,1.7474,0.306,0.363
968,27,0.02117,0.667,2.3216,1.6839,0.237,0.288
969,23,0.01214,0.667,2.3337,1.6932,0.239,0.295
970,21,0.0186,0.667,2.3195,1.6849,0.248,0.291
971,26,0.02517,0.667,2.2383,1.6341,0.29,0.338
972,25,0.02149,0.667,2.3976,1.6851,0.235,0.282
973,23,0.0122,0.667,2.2533,1.6456,0.271,0.326
974,19,0.0215,0.667,2.2693,1.6934,0.278,0.331
975,11,0.01698,0.667,2.3002,1.7724,0.304,0.341
976,10,0.03512,0.667,2.3084,1.7482,0.306,0.34
977,14,0.02482,0.667,2.2526,1.7292,0.323,0.381
978,23,0.01734,0.667,2.2459,1.6622,0.244,0.291
979,18,0.02409,0.667,2.3204,1.708,0.266,0.325
980,12,0.01651,0.667,2.2988,1.6996,0.282,0.329
981,49,0.02036,0.667,2.3657,1.7235,0.255,0.301
982,11,0.02728,0.667,2.3093,1.708,0.276,0.341
983,49,0.02644,0.667,2.2813,1.6617,0.25,0.335
984,11,0.01784,0.667,2.3206,1.6621,0.212,0.262
985,22,0.0204,0.667,2.2909,1.6967,0.261,0.302
986,20,0.01807,0.667,2.3093,1.7194,0.296,0.335
987,49,0.02194,0.667,2.2936,1.7052,0.241,0.295
988,9,0.01658,0.667,2.3601,1.7362,0.234,0.288
989,12,0.0141,0.667,2.2253,1.6518,0.303,0.357
990,17,0.02533,0.667,2.159,1.642,0.334,0.397
991,26,0.02333,0.667,2.2881,1.6875,0.296,0.353
992,49,0.02426,0.667,2.2568,1.7043,0.275,0.345
993,49,0.02142,0.667,2.2674,1.6555,0.265,0.323
994,16,0.02422,0.667,2.2345,1.6104,0.239,0.298
995,46,0.03007,0.667,2.2838,1.6836,0.239,0.266
996,19,0.02207,0.667,2.2427,1.6742,0.28,0.331
997,15,0.02394,0.667,2.2505,1.7131,0.308,0.362
998,14,0.02614,0.667,2.2697,1.7535,0.29,0.346
999,18,0.01614,0.667,2.2285,1.71,0.302,0.345
1000,19,0.02079,0.667,2.2886,1.7628,0.254,0.315
1001,26,0.02183,0.667,2.2176,1.6702,0.284,0.326
1002,26,0.01527,0.667,2.2163,1.6593,0.235,0.311
1003,17,0.02531,0.667,2.2783,1.6838,0.259,0.309
1004,19,0.01534,0.667,2.1966,1.6769,0.277,0.34
1005,17,0.02035,0.667,2.2271,1.6211,0.261,0.303
1006,9,0.02403,0.667,2.2589,1.6431,0.199,0.261
1007,39,0.03148,0.667,2.2158,1.7182,0.281,0.325
1008,10,0.02488,0.667,2.2698,1.7027,0.246,0.3
1009,22,0.02551,0.667,2.3211,1.7032,0.212,0.289
1010,19,0.01934,0.667,2.3422,1.7216,0.19,0.243
1011,12,0.02834,0.667,2.2721,1.7082,0.235,0.277
1012,19,0.01746,0.667,2.2574,1.6743,0.245,0.285
1013,11,0.03169,0.667,2.3125,1.7137,0.224,0.261
1014,27,0.01911,0.667,2.2643,1.6623,0.215,0.279
1015,11,0.02055,0.667,2.2534,1.7001,0.272,0.308
1016,19,0.02123,0.667,2.1972,1.6922,0.279,0.316
1017,25,0.02399,0.667,2.1656,1.6509,0.319,0.357
1018,22,0.04327,0.444,2.2668,1.6669,0.192,0.249
1019,10,0.01204,0.444,2.3361,1.7057,0.18,0.217
1020,11,0.01676,0.444,2.3185,1.7434,0.268,0.302
1021,14,0.01235,0.444,2.2915,1.7029,0.194,0.23
1022,20,0.01125,0.444,2.2232,1.6644,0.233,0.267
1023,15,0.0148,0.444,2.2247,1.6403,0.236,0.267
1024,20,0.01428,0.444,2.233,1.6214,0.229,0.269
1025,10,0.0176,0.444,2.294,1.7179,0.258,0.297
1026,15,0.01272,0.444,2.2065,1.6301,0.255,0.286
1027,22,0.01151,0.444,2.3236,1.6737,0.207,0.246
1028,49,0.01548,0.444,2.2491,1.6429,0.194,0.242
1029,10,0.01428,0.444,2.2266,1.6635,0.22,0.25
1030,31,0.01295,0.444,2.2256,1.6035,0.232,0.273
1031,10,0.02021,0.444,2.2116,1.6044,0.198,0.241
1032,13,0.01331,0.444,2.2786,1.6517,0.21,0.247
1033,41,0.02095,0.444,2.3334,1.6813,0.205,0.236
1034,23,0.01201,0.444,2.3143,1.6743,0.195,0.241
1035,12,0.01978,0.444,2.2808,1.6541,0.255,0.302
1036,14,0.01389,0.444,2.323,1.6653,0.202,0.231
1037,11,0.01429,0.444,2.3369,1.6879,0.161,0.208
1038,49,0.0136,0.444,2.1998,1.6477,0.228,0.273
1039,13,0.01078,0.444,2.2552,1.6595,0.218,0.251
1040,21,0.00987,0.667,2.4015,1.7046,0.172,0.212
1041,19,0.02426,0.667,2.3143,1.6218,0.158,0.206
1042,30,0.03069,0.667,2.2217,1.6448,0.241,0.297
1043,15,0.02314,0.667,2.166,1.6044,0.295,0.331
1044,15,0.03002,0.667,2.2359,1.5552,0.176,0.25
1045,49,0.04227,0.444,2.3698,1.7173,0.214,0.266
1046,49,0.02523,0.444,2.2695,1.6311,0.211,0.244
1047,29,0.00935,0.667,2.298,1.6888,0.23,0.273
1048,40,0.02349,0.667,2.2704,1.6533,0.211,0.307
1049,15,0.01581,0.667,2.2794,1.6538,0.167,0.226
1050,24,0.02818,0.667,2.2688,1.6123,0.176,0.25
1051,13,0.04167,0.444,2.3002,1.6833,0.207,0.257
1052,24,0.01568,0.444,2.2841,1.659,0.196,0.251
1053,14,0.01713,0.444,2.3172,1.6704,0.188,0.228
1054,25,0.01453,0.444,2.3603,1.7202,0.195,0.22
1055,49,0.01358,0.444,2.2939,1.6679,0.196,0.244
1056,13,0.01146,0.444,2.2779,1.7156,0.211,0.244
1057,49,0.00987,0.667,2.2447,1.691,0.221,0.245
1058,12,0.02096,0.667,2.2948,1.7183,0.189,0.233
1059,22,0.02224,0.667,2.2865,1.6838,0.211,0.258
1060,33,0.02881,0.667,2.3129,1.6889,0.181,0.227
1061,49,0.02874,0.667,2.3116,1.7201,0.192,0.247
1062,17,0.01781,0.667,2.2866,1.6793,0.177,0.221
1063,9,0.02335,0.667,2.3148,1.7334,0.171,0.229
1064,16,0.02359,0.667,2.2252,1.64,0.205,0.266
1065,28,0.02727,0.667,2.2549,1.6849,0.148,0.221
1066,21,0.02234,0.667,2.2427,1.6533,0.193,0.252
1067,14,0.02149,0.667,2.254,1.674,0.194,0.245
1068,17,0.02472,0.667,2.3285,1.6999,0.231,0.275
1069,49,0.01846,0.667,2.277,1.6879,0.183,0.23
1070,11,0.02115,0.667,2.1654,1.6429,0.206,0.265
1071,25,0.02756,0.667,2.3081,1.7056,0.197,0.247
1072,13,0.0264,0.667,2.288,1.6667,0.198,0.245
1073,19,0.0236,0.667,2.228,1.6965,0.233,0.288
1074,16,0.02095,0.667,2.2418,1.6848,0.246,0.306
1075,21,0.02353,0.667,2.2553,1.7259,0.269,0.316
1076,23,0.02189,0.667,2.2378,1.6959,0.214,0.269
1077,15,0.01772,0.667,2.1815,1.646,0.207,0.25
1078,17,0.02633,0.667,2.2687,1.6377,0.187,0.236
1079,15,0.02079,0.667,2.2589,1.7438,0.25,0.287
1080,17,0.03004,0.667,2.3077,1.7288,0.221,0.27
1081,22,0.03325,0.667,2.2284,1.7071,0.259,0.302
1082,29,0.03433,0.667,2.2288,1.7375,0.288,0.332
1083,15,0.02427,0.667,2.2904,1.7343,0.252,0.283
1084,49,0.03063,0.667,2.2522,1.7712,0.251,0.291
1085,23,0.02176,0.667,2.2289,1.7184,0.231,0.282
1086,29,0.04664,0.444,2.2443,1.6963,0.218,0.27
1087,9,0.01273,0.444,2.2542,1.7563,0.273,0.312
1088,23,0.02497,0.444,2.3154,1.7603,0.214,0.248
1089,16,0.01189,0.444,2.3023,1.7171,0.274,0.309
1090,19,0.01313,0.444,2.2481,1.699,0.27,0.3
1091,22,0.01102,0.444,2.2162,1.6869,0.22,0.253
1092,35,0.01158,0.444,2.3206,1.7346,0.243,0.275
1093,26,0.0091,0.667,2.3252,1.7607,0.218,0.248
1094,16,0.01742,0.667,2.3142,1.768,0.274,0.313
1095,33,0.01206,0.667,2.1515,1.6649,0.283,0.322
1096,10,0.01838,0.667,2.3229,1.6782,0.179,0.225
1097,37,0.02619,0.667,2.2947,1.6729,0.207,0.253
1098,13,0.02295,0.667,2.2551,1.7111,0.269,0.309
1099,18,0.02416,0.667,2.2667,1.6217,0.201,0.241
1100,22,0.02443,0.667,2.3077,1.7047,0.227,0.274
1101,20,0.01973,0.667,2.2024,1.6689,0.295,0.337
1102,49,0.01801,0.667,2.1942,1.6409,0.239,0.288
1103,11,0.02301,0.667,2.1598,1.6649,0.295,0.349
1104,17,0.03856,0.667,2.2853,1.6988,0.264,0.308
1105,15,0.02717,0.667,2.2459,1.6871,0.252,0.312
1106,20,0.02287,0.667,2.1631,1.6852,0.367,0.404
1107,11,0.01695,0.667,2.1897,1.6536,0.281,0.334
1108,20,0.02257,0.667,2.2065,1.6825,0.281,0.322
1109,17,0.01765,0.667,2.2698,1.685,0.278,0.31
1110,49,0.02467,0.667,2.1526,1.616,0.254,0.303
1111,15,0.02186,0.667,2.1973,1.6733,0.297,0.338
1112,17,0.01516,0.667,2.1786,1.6476,0.279,0.323
1113,49,0.01528,0.667,2.1095,1.6565,0.33,0.37
1114,36,0.03795,0.667,2.1,1.7377,0.373,0.432
1115,49,0.05266,0.444,2.1171,1.6265,0.298,0.322
1116,26,0.01894,0.444,2.1728,1.682,0.276,0.317
1117,13,0.02311,0.444,2.2407,1.7228,0.276,0.311
1118,20,0.01999,0.444,2.1802,1.7009,0.271,0.296
1119,20,0.01188,0.444,2.0992,1.6398,0.297,0.324
1120,18,0.01753,0.444,2.1498,1.6961,0.28,0.321
1121,14,0.01222,0.444,2.1092,1.6633,0.256,0.296
1122,19,0.01114,0.444,2.0995,1.6975,0.251,0.279
1123,13,0.01102,0.444,2.1997,1.7059,0.254,0.276
1124,12,0.0097,0.667,2.1558,1.6691,0.267,0.294
1125,35,0.02474,0.667,2.1514,1.7053,0.309,0.355
1126,12,0.02041,0.667,2.1501,1.6248,0.228,0.277
1127,11,0.03805,0.667,2.1692,1.6901,0.257,0.307
1128,39,0.02511,0.667,2.1322,1.6641,0.264,0.306
1129,49,0.02284,0.667,2.105,1.6801,0.253,0.303
1130,49,0.02249,0.667,2.2037,1.6539,0.236,0.288
1131,15,0.02588,0.667,2.163,1.6698,0.296,0.342
1132,39,0.02841,0.667,2.1135,1.6247,0.263,0.313
1133,43,0.03774,0.667,2.1418,1.7023,0.211,0.272
1134,23,0.04575,0.444,2.1529,1.6276,0.189,0.24
1135,16,0.02857,0.444,2.2257,1.6818,0.244,0.284
1136,49,0.02085,0.444,2.0975,1.6665,0.323,0.358
1137,21,0.01144,0.444,2.1186,1.6751,0.3,0.339
1138,16,0.01176,0.444,2.1461,1.6953,0.298,0.339
1139,39,0.01302,0.444,2.1581,1.6768,0.306,0.336
1140,23,0.01355,0.444,2.057,1.6508,0.313,0.339
1141,17,0.0089,0.667,2.1208,1.6377,0.277,0.299
1142,16,0.02357,0.667,2.0364,1.6566,0.315,0.381
1143,10,0.02187,0.667,2.1583,1.7231,0.299,0.351
1144,38,0.03033,0.667,2.1233,1.6589,0.263,0.316
1145,19,0.03642,0.667,2.2399,1.7369,0.24,0.294
1146,11,0.02969,0.667,2.1656,1.6928,0.298,0.322
1147,15,0.03098,0.667,2.18,1.7221,0.274,0.352
1148,11,0.03726,0.667,2.2116,1.7264,0.214,0.267
1149,17,0.0242,0.667,2.1683,1.6973,0.29,0.351
1150,49,0.01859,0.667,2.1106,1.6454,0.277,0.326
1151,13,0.03654,0.667,2.1237,1.6509,0.268,0.314
1152,19,0.02523,0.667,2.0467,1.6136,0.327,0.363
1153,49,0.0293,0.667,2.0152,1.5937,0.344,0.383
1154,13,0.02728,0.667,2.0784,1.6814,0.362,0.402
1155,34,0.02186,0.667,2.1203,1.6984,0.301,0.336
1156,13,0.03278,0.667,2.1122,1.6742,0.343,0.394
1157,21,0.02299,0.667,2.0906,1.631,0.336,0.374
1158,11,0.01725,0.667,2.1147,1.663,0.315,0.351
1159,19,0.03091,0.667,2.1575,1.6335,0.33,0.391
1160,18,0.0286,0.667,2.1777,1.6649,0.264,0.302
1161,49,0.02595,0.667,2.1906,1.6792,0.284,0.332
1162,21,0.01852,0.667,2.0872,1.6282,0.351,0.383
1163,49,0.02013,0.667,2.1739,1.6738,0.249,0.29
1164,24,0.02304,0.667,2.2394,1.7064,0.312,0.327
1165,34,0.01919,0.667,2.0623,1.6313,0.355,0.409
1166,11,0.029,0.667,2.1421,1.5978,0.299,0.366
1167,10,0.02457,0.667,2.123,1.5718,0.297,0.346
1168,15,0.02548,0.667,2.1327,1.613,0.329,0.372
1169,23,0.01721,0.667,2.1487,1.6075,0.295,0.357
1170,9,0.0232,0.667,2.1889,1.6556,0.331,0.375
1171,15,0.01992,0.667,2.1872,1.6208,0.314,0.36
1172,21,0.01714,0.667,2.1325,1.6484,0.355,0.399
1173,19,0.03343,0.667,2.1958,1.7073,0.336,0.38
1174,33,0.02465,0.667,2.1924,1.6479,0.322,0.381
1175,15,0.0169,0.667,2.1344,1.5958,0.319,0.361
1176,10,0.02059,0.667,2.1604,1.6597,0.321,0.38
1177,16,0.02175,0.667,2.1512,1.619,0.362,0.41
1178,16,0.0164,0.667,2.0967,1.6356,0.381,0.435
1179,14,0.02655,0.667,2.1722,1.6977,0.344,0.408
1180,31,0.02178,0.667,2.1574,1.658,0.312,0.357
1181,9,0.02552,0.667,2.1179,1.6412,0.347,0.402
1182,26,0.02077,0.667,2.2418,1.6913,0.329,0.367
1183,12,0.02172,0.667,2.1013,1.6204,0.374,0.417
1184,12,0.02397,0.667,2.1164,1.5856,0.315,0.363
1185,11,0.02204,0.667,2.1566,1.6564,0.357,0.402
1186,14,0.02027,0.667,2.2059,1.6477,0.291,0.345
1187,38,0.02541,0.667,2.1621,1.6044,0.307,0.355
1188,17,0.01565,0.667,2.1414,1.6265,0.308,0.359
1189,40,0.03271,0.667,2.2551,1.6407,0.243,0.293
1190,11,0.037,0.667,2.254,1.6508,0.275,0.335
1191,23,0.01966,0.667,2.1643,1.6441,0.308,0.354
1192,27,0.02083,0.667,2.2512,1.6484,0.225,0.273
1193,21,0.01986,0.667,2.2374,1.6178,0.264,0.311
1194,14,0.01764,0.667,2.1987,1.6394,0.297,0.346
1195,13,0.01922,0.667,2.221,1.6394,0.314,0.353
1196,26,0.03125,0.667,2.1701,1.5391,0.274,0.317
1197,17,0.02895,0.667,2.2548,1.652,0.251,0.308
1198,22,0.02259,0.667,2.2669,1.7004,0.215,0.271
1199,19,0.03416,0.667,2.1215,1.585,0.288,0.34
1200,33,0.02768,0.667,2.2391,1.6209,0.181,0.226
1201,15,0.02822,0.667,2.1774,1.606,0.239,0.288
1202,10,0.02215,0.667,2.2482,1.626,0.204,0.248
1203,13,0.02135,0.667,2.2693,1.6804,0.238,0.281
1204,15,0.01906,0.667,2.2718,1.6283,0.14,0.191
1205,30,0.01401,0.667,2.1962,1.6047,0.278,0.317
1206,9,0.019,0.667,2.3245,1.6571,0.208,0.254
1207,15,0.02382,0.667,2.3691,1.6629,0.169,0.232
1208,16,0.01562,0.667,2.2547,1.5488,0.169,0.229
1209,21,0.02883,0.667,2.2474,1.6162,0.242,0.301
1210,18,0.01916,0.667,2.3324,1.6477,0.189,0.245
1211,13,0.01945,0.667,2.3091,1.6628,0.206,0.25
1212,25,0.01806,0.667,2.2447,1.672,0.258,0.299
1213,11,0.01877,0.667,2.3228,1.6411,0.191,0.239
1214,13,0.01614,0.667,2.3007,1.6532,0.205,0.245
1215,9,0.02559,0.667,2.2013,1.5873,0.257,0.312
1216,21,0.01944,0.667,2.3099,1.6923,0.25,0.307
1217,16,0.02355,0.667,2.1861,1.6129,0.285,0.343
1218,19,0.02855,0.667,2.2748,1.621,0.245,0.301
1219,13,0.02321,0.667,2.278,1.6625,0.29,0.336
1220,16,0.02281,0.667,2.1512,1.6451,0.35,0.402
1221,13,0.02979,0.667,2.3336,1.6324,0.243,0.296
1222,14,0.03421,0.667,2.2035,1.6109,0.291,0.374
1223,29,0.02252,0.667,2.149,1.5976,0.296,0.349
1224,17,0.02676,0.667,2.2366,1.6268,0.301,0.354
1225,49,0.02836,0.667,2.2719,1.6814,0.284,0.343
1226,21,0.02614,0.667,2.2394,1.6446,0.275,0.318
1227,30,0.017,0.667,2.2267,1.6149,0.27,0.321
1228,34,0.01649,0.667,2.3186,1.639,0.248,0.304
1229,18,0.02058,0.667,2.2764,1.6534,0.24,0.299
1230,30,0.02974,0.667,2.226,1.6323,0.257,0.327
1231,49,0.02761,0.667,2.2616,1.6829,0.286,0.36
1232,21,0.02644,0.667,2.2178,1.7053,0.276,0.345
1233,24,0.02678,0.667,2.2233,1.6391,0.251,0.33
1234,20,0.04425,0.444,2.301,1.769,0.291,0.36
1235,15,0.01473,0.444,2.2572,1.7071,0.248,0.296
1236,10,0.02482,0.444,2.2963,1.6812,0.278,0.322
1237,49,0.03422,0.444,2.2477,1.71,0.335,0.383
1238,30,0.02311,0.444,2.3234,1.7596,0.278,0.328
1239,17,0.01777,0.444,2.2445,1.6372,0.248,0.283
1240,20,0.01574,0.444,2.2633,1.7064,0.253,0.294
1241,25,0.01659,0.444,2.2779,1.6819,0.235,0.269
1242,23,0.0087,0.667,2.282,1.671,0.254,0.298
1243,16,0.01971,0.667,2.2657,1.7166,0.276,0.335
1244,32,0.0268,0.667,2.3477,1.7737,0.249,0.309
1245,13,0.02093,0.667,2.2631,1.7162,0.26,0.317
1246,49,0.02573,0.667,2.3044,1.6944,0.209,0.283
1247,21,0.02134,0.667,2.2474,1.7001,0.307,0.348
1248,15,0.02245,0.667,2.2996,1.7225,0.263,0.326
1249,13,0.02255,0.667,2.2295,1.6708,0.293,0.342
1250,25,0.02178,0.667,2.2358,1.7278,0.328,0.376
1251,15,0.01987,0.667,2.1475,1.6755,0.349,0.402
1252,13,0.02859,0.667,2.2478,1.6188,0.328,0.385
1253,21,0.02634,0.667,2.2846,1.6545,0.229,0.289
1254,15,0.02217,0.667,2.1633,1.6369,0.297,0.346
1255,21,0.0177,0.667,2.2105,1.6489,0.253,0.31
1256,15,0.01856,0.667,2.1776,1.6546,0.332,0.38
1257,18,0.022,0.667,2.1451,1.6513,0.345,0.388
1258,12,0.01899,0.667,2.2326,1.6866,0.254,0.318
1259,21,0.02473,0.667,2.1078,1.6156,0.337,0.387
1260,22,0.03351,0.667,2.1222,1.6673,0.321,0.385
1261,49,0.04216,0.444,2.1763,1.659,0.306,0.35
1262,14,0.03053,0.444,2.2171,1.6218,0.254,0.303
1263,37,0.01575,0.444,2.2712,1.698,0.208,0.247
1264,25,0.0165,0.444,2.206,1.6385,0.248,0.292
1265,23,0.02,0.444,2.2002,1.6951,0.31,0.366
1266,14,0.0202,0.444,2.3084,1.7069,0.202,0.234
1267,28,0.01081,0.444,2.2334,1.6592,0.218,0.252
1268,18,0.01513,0.444,2.2666,1.7477,0.191,0.232
1269,31,0.02794,0.444,2.2935,1.6869,0.214,0.255
1270,11,0.00957,0.667,2.1946,1.6432,0.234,0.263
1271,12,0.03178,0.667,2.207,1.695,0.258,0.299
1272,38,0.01817,0.667,2.1869,1.6782,0.187,0.25
1273,14,0.02061,0.667,2.1762,1.6143,0.202,0.262
1274,49,0.02416,0.667,2.21,1.6348,0.217,0.263
1275,49,0.01623,0.667,2.2106,1.6459,0.236,0.284
1276,9,0.02163,0.667,2.213,1.608,0.169,0.215
1277,17,0.01506,0.667,2.2765,1.6793,0.186,0.233
1278,49,0.01869,0.667,2.2471,1.6895,0.151,0.204
1279,49,0.02177,0.667,2.2552,1.6947,0.168,0.224
1280,31,0.02442,0.667,2.2298,1.7108,0.241,0.287
1281,11,0.0143,0.667,2.1613,1.5895,0.201,0.249
1282,17,0.02589,0.667,2.2159,1.6936,0.229,0.276
1283,29,0.02309,0.667,2.2107,1.6791,0.245,0.278
1284,16,0.022,0.667,2.1706,1.6253,0.246,0.284
1285,28,0.01699,0.667,2.1635,1.5753,0.266,0.294
1286,18,0.02436,0.667,2.2218,1.6026,0.153,0.211
1287,28,0.01933,0.667,2.1985,1.6418,0.231,0.272
1288,17,0.02629,0.667,2.1216,1.6626,0.272,0.305
1289,21,0.01727,0.667,2.1195,1.6523,0.24,0.28
1290,12,0.02719,0.667,2.0846,1.5503,0.254,0.294
1291,23,0.03104,0.667,2.1515,1.6024,0.203,0.25
1292,9,0.02314,0.667,2.1595,1.5902,0.222,0.263
1293,12,0.02235,0.667,2.0831,1.5856,0.257,0.305
1294,24,0.01652,0.667,2.0952,1.6349,0.326,0.364
1295,13,0.01802,0.667,2.1591,1.6308,0.245,0.292
1296,29,0.02173,0.667,2.0344,1.5749,0.318,0.363
1297,21,0.03038,0.667,2.1613,1.5606,0.205,0.243
1298,23,0.01595,0.667,2.1469,1.5934,0.17,0.23
1299,10,0.02406,0.667,2.1337,1.6062,0.267,0.305
1300,17,0.02606,0.667,2.0402,1.534,0.271,0.309
1301,13,0.01265,0.667,2.0421,1.5385,0.261,0.308
1302,19,0.01561,0.667,2.0278,1.5293,0.29,0.328
1303,15,0.0201,0.667,2.0913,1.5829,0.244,0.279
1304,13,0.01814,0.667,2.112,1.6061,0.264,0.306
1305,49,0.02387,0.667,2.059,1.5768,0.279,0.317
1306,20,0.01883,0.667,2.085,1.5717,0.257,0.289
1307,12,0.02558,0.667,2.0751,1.6325,0.307,0.345
1308,37,0.02545,0.667,2.1597,1.5739,0.243,0.292
1309,23,0.02388,0.667,2.1317,1.5891,0.245,0.292
1310,49,0.0222,0.667,2.0546,1.5875,0.231,0.273
1311,49,0.01705,0.667,2.073,1.6061,0.326,0.368
1312,9,0.01978,0.667,2.0452,1.5286,0.254,0.298
1313,49,0.02136,0.667,2.1105,1.6118,0.229,0.274
1314,11,0.02008,0.667,2.0378,1.56,0.315,0.345
1315,23,0.02195,0.667,2.0346,1.5927,0.357,0.392
1316,49,0.01947,0.667,2.0426,1.5797,0.297,0.34
1317,38,0.02338,0.667,2.0623,1.651,0.294,0.338
1318,12,0.01965,0.667,1.9965,1.5823,0.354,0.395
1319,19,0.02652,0.667,2.0714,1.6496,0.315,0.364
1320,49,0.02628,0.667,2.1191,1.6248,0.241,0.303
1321,19,0.02195,0.667,2.1255,1.6614,0.296,0.334
1322,18,0.02028,0.667,2.1573,1.6328,0.205,0.245
1323,15,0.02512,0.667,2.1512,1.6886,0.238,0.278
1324,28,0.01881,0.667,2.1413,1.6695,0.289,0.335
1325,19,0.02474,0.667,2.0987,1.5811,0.274,0.313
1326,20,0.02215,0.667,2.0792,1.5811,0.276,0.319
1327,17,0.02281,0.667,2.1073,1.6092,0.293,0.349
1328,20,0.02248,0.667,2.0435,1.5776,0.324,0.362
1329,15,0.02234,0.667,2.1391,1.5835,0.268,0.302
1330,14,0.02189,0.667,2.1103,1.6268,0.272,0.325
1331,18,0.03132,0.667,2.2026,1.6186,0.287,0.335
1332,21,0.02976,0.667,2.1522,1.6438,0.27,0.314
1333,24,0.02197,0.667,2.0997,1.576,0.255,0.303
1334,19,0.01982,0.667,2.1594,1.6143,0.238,0.291
1335,9,0.01825,0.667,2.1094,1.5949,0.291,0.336
1336,37,0.02633,0.667,1.99,1.5398,0.343,0.376
1337,49,0.01792,0.667,2.1463,1.5974,0.29,0.321
1338,37,0.02793,0.667,2.1154,1.5825,0.277,0.315
1339,14,0.01507,0.667,2.116,1.5586,0.265,0.294
1340,15,0.02677,0.667,2.0873,1.6322,0.336,0.378
1341,13,0.02417,0.667,2.0611,1.6246,0.298,0.336
1342,28,0.02311,0.667,2.0782,1.653,0.326,0.365
1343,18,0.02584,0.667,2.1396,1.6744,0.217,0.255
1344,13,0.02669,0.667,2.0829,1.642,0.288,0.321
1345,12,0.02391,0.667,2.0552,1.6317,0.352,0.386
1346,12,0.02709,0.667,2.1476,1.713,0.306,0.348
1347,11,0.02351,0.667,2.0841,1.6476,0.342,0.381
1348,39,0.01943,0.667,2.0343,1.5921,0.315,0.354
1349,22,0.02244,0.667,2.0661,1.6099,0.311,0.348
1350,14,0.02401,0.667,2.0801,1.5902,0.247,0.286
1351,19,0.02216,0.667,2.1458,1.6668,0.228,0.262
1352,49,0.02928,0.667,2.178,1.6537,0.209,0.253
1353,20,0.03499,0.667,2.221,1.664,0.216,0.265
1354,17,0.03114,0.667,2.1524,1.5989,0.194,0.235
1355,30,0.03396,0.667,2.1668,1.6814,0.283,0.319
1356,21,0.02494,0.667,2.1296,1.65,0.168,0.208
1357,17,0.02867,0.667,2.0755,1.6135,0.299,0.335
1358,20,0.01879,0.667,2.1119,1.6078,0.235,0.268
1359,34,0.02878,0.667,2.2068,1.6465,0.155,0.195
1360,19,0.03054,0.667,2.0625,1.6,0.269,0.299
1361,13,0.03107,0.667,2.1263,1.5993,0.261,0.296
1362,9,0.02722,0.667,2.0435,1.569,0.286,0.321
1363,18,0.02451,0.667,2.1187,1.5561,0.24,0.285
1364,29,0.02525,0.667,2.1983,1.6597,0.242,0.279
1365,34,0.02691,0.667,2.1032,1.5853,0.198,0.243
1366,14,0.03027,0.667,2.1632,1.6488,0.199,0.242
1367,13,0.02645,0.667,2.2361,1.601,0.158,0.191
1368,49,0.05138,0.444,2.1486,1.6491,0.198,0.222
1369,28,0.02718,0.444,2.1825,1.5898,0.207,0.236
1370,16,0.01781,0.444,2.1189,1.503,0.15,0.192
1371,22,0.01588,0.444,2.1341,1.6111,0.186,0.209
1372,16,0.00864,0.667,2.1551,1.6286,0.145,0.178
1373,49,0.02453,0.667,2.2723,1.6508,0.109,0.144
1374,45,0.03444,0.667,2.237,1.6814,0.113,0.146
1375,11,0.02894,0.667,2.1473,1.5779,0.176,0.213
1376,21,0.02375,0.667,2.1705,1.6121,0.186,0.217
1377,11,0.02505,0.667,2.1832,1.6378,0.216,0.244
1378,23,0.01815,0.667,2.1991,1.5898,0.091,0.136
1379,20,0.02021,0.667,2.2399,1.6675,0.157,0.182
1380,49,0.02764,0.667,2.1707,1.6511,0.127,0.17
1381,11,0.02732,0.667,2.2023,1.6361,0.127,0.16
1382,11,0.02142,0.667,2.1433,1.6664,0.203,0.241
1383,22,0.01768,0.667,2.1853,1.6378,0.142,0.164
1384,16,0.01901,0.667,2.1951,1.607,0.082,0.125
1385,49,0.0217,0.667,2.1348,1.6094,0.187,0.217
1386,49,0.01631,0.667,2.1341,1.6041,0.165,0.192
1387,29,0.0294,0.667,2.2126,1.644,0.127,0.168
1388,22,0.02399,0.667,2.2278,1.6375,0.144,0.176
1389,25,0.02544,0.667,2.2159,1.6302,0.154,0.178
1390,20,0.02222,0.667,2.2474,1.6382,0.15,0.193
1391,15,0.01885,0.667,2.2814,1.6673,0.15,0.184
1392,20,0.02386,0.667,2.195,1.654,0.187,0.222
1393,18,0.02613,0.667,2.2033,1.5888,0.102,0.146
1394,12,0.02272,0.667,2.2548,1.6627,0.198,0.221
1395,45,0.02569,0.667,2.2099,1.6227,0.129,0.17
1396,41,0.02106,0.667,2.2736,1.6537,0.115,0.15
1397,17,0.01691,0.667,2.2551,1.6246,0.141,0.172
1398,27,0.02327,0.667,2.2365,1.6287,0.174,0.209
1399,13,0.0197,0.667,2.2496,1.6162,0.13,0.167
1400,15,0.0175,0.667,2.2024,1.5855,0.158,0.189
1401,39,0.01446,0.667,2.3311,1.6834,0.148,0.185
1402,10,0.01885,0.667,2.2803,1.6871,0.194,0.227
1403,31,0.0135,0.667,2.3407,1.6754,0.117,0.16
1404,12,0.02604,0.667,2.2962,1.7004,0.16,0.189
1405,14,0.02269,0.667,2.2624,1.649,0.168,0.202
1406,26,0.01509,0.667,2.2722,1.6108,0.181,0.211
1407,24,0.02147,0.667,2.3167,1.6942,0.153,0.18
1408,19,0.01755,0.667,2.3271,1.6595,0.155,0.192
1409,49,0.0366,0.667,2.2642,1.6878,0.164,0.206
1410,24,0.02918,0.667,2.3486,1.6954,0.111,0.166
1411,24,0.0223,0.667,2.3161,1.6854,0.127,0.164
1412,29,0.01987,0.667,2.2224,1.647,0.176,0.213
1413,15,0.01425,0.667,2.2491,1.5965,0.094,0.14
1414,14,0.01568,0.667,2.2601,1.6068,0.14,0.175
1415,13,0.01435,0.667,2.2503,1.605,0.138,0.177
1416,14,0.01761,0.667,2.2853,1.6445,0.158,0.2
1417,19,0.01868,0.667,2.2918,1.6595,0.181,0.221
1418,14,0.01367,0.667,2.292,1.6688,0.181,0.217
1419,17,0.01941,0.667,2.2332,1.622,0.178,0.217
1420,23,0.01804,0.667,2.24,1.6103,0.133,0.184
1421,22,0.01953,0.667,2.2845,1.6522,0.172,0.228
1422,19,0.02479,0.667,2.1806,1.6171,0.235,0.273
1423,13,0.02872,0.667,2.3369,1.6589,0.188,0.234
1424,15,0.02802,0.667,2.2228,1.6191,0.231,0.283
1425,11,0.03194,0.667,2.2856,1.6601,0.257,0.299
1426,14,0.03645,0.667,2.1561,1.5555,0.247,0.295
1427,17,0.04134,0.444,2.2214,1.6304,0.272,0.299
1428,28,0.00955,0.667,2.235,1.6535,0.231,0.263
1429,26,0.01843,0.667,2.267,1.6462,0.244,0.29
1430,21,0.01954,0.667,2.2509,1.6259,0.213,0.251
1431,15,0.01411,0.667,2.2786,1.6185,0.184,0.234
1432,20,0.01467,0.667,2.1835,1.5653,0.249,0.308
1433,15,0.01534,0.667,2.2853,1.6159,0.206,0.247
1434,17,0.02,0.667,2.2247,1.5626,0.231,0.274
1435,26,0.02889,0.667,2.2586,1.5985,0.2,0.246
1436,45,0.01736,0.667,2.2084,1.5981,0.255,0.306
1437,14,0.02626,0.667,2.2767,1.5998,0.254,0.298
1438,29,0.02132,0.667,2.2213,1.6274,0.28,0.328
1439,16,0.02034,0.667,2.279,1.6191,0.222,0.279
1440,29,0.01503,0.667,2.2297,1.5512,0.235,0.29
1441,31,0.02195,0.667,2.306,1.6575,0.218,0.279
1442,10,0.02513,0.667,2.1796,1.6205,0.311,0.352
1443,15,0.02302,0.667,2.1641,1.5784,0.227,0.278
1444,20,0.01864,0.667,2.1991,1.6224,0.271,0.325
1445,30,0.01882,0.667,2.0886,1.5652,0.358,0.405
1446,15,0.01629,0.667,2.1625,1.6173,0.319,0.374
1447,12,0.01819,0.667,2.1247,1.5347,0.265,0.335
1448,25,0.02051,0.667,2.1538,1.5985,0.278,0.356
1449,36,0.02117,0.667,2.1672,1.6297,0.255,0.321
1450,49,0.02112,0.667,2.1256,1.5583,0.235,0.282
1451,15,0.02432,0.667,2.19,1.6377,0.245,0.307
1452,11,0.04485,0.444,2.1106,1.6025,0.32,0.398
1453,19,0.0161,0.444,2.1187,1.5978,0.279,0.322
1454,15,0.0285,0.444,2.079,1.5008,0.341,0.381
1455,21,0.0144,0.444,2.1253,1.517,0.284,0.323
1456,13,0.02421,0.444,2.1837,1.6217,0.293,0.333
1457,27,0.01564,0.444,2.1567,1.6065,0.326,0.366
1458,17,0.01982,0.444,2.0138,1.54,0.372,0.413
1459,13,0.02073,0.444,2.189,1.65,0.263,0.3
1460,49,0.01299,0.444,2.1476,1.6235,0.313,0.345
1461,16,0.00963,0.667,2.2123,1.6029,0.256,0.292
1462,20,0.02921,0.667,2.0995,1.563,0.301,0.358
1463,49,0.03917,0.667,2.1609,1.642,0.281,0.332
1464,26,0.01642,0.667,2.0969,1.605,0.304,0.365
1465,49,0.02342,0.667,2.2051,1.6767,0.274,0.317
1466,22,0.02259,0.667,2.2339,1.7019,0.196,0.255
1467,37,0.02658,0.667,2.0534,1.6508,0.322,0.381
1468,14,0.02192,0.667,2.1974,1.6648,0.244,0.283
1469,30,0.0215,0.667,2.1999,1.6752,0.291,0.351
1470,49,0.01938,0.667,2.0904,1.656,0.333,0.385
1471,49,0.03209,0.667,2.1647,1.7173,0.234,0.3
1472,37,0.02533,0.667,2.1936,1.7102,0.247,0.296
1473,29,0.02544,0.667,2.1631,1.717,0.288,0.338
1474,13,0.02721,0.667,2.1254,1.7162,0.319,0.37
1475,9,0.03316,0.667,2.2106,1.6755,0.221,0.268
1476,16,0.01953,0.667,2.1511,1.7081,0.251,0.315
1477,43,0.03011,0.667,2.2765,1.722,0.178,0.221
1478,24,0.03125,0.667,2.1773,1.6964,0.177,0.231
1479,18,0.02192,0.667,2.1607,1.6964,0.253,0.299
1480,49,0.03376,0.667,2.1936,1.7198,0.226,0.285
1481,13,0.03861,0.667,2.2402,1.7552,0.229,0.286
1482,13,0.02992,0.667,2.2143,1.7183,0.19,0.242
1483,34,0.02265,0.667,2.2523,1.7269,0.192,0.232
1484,13,0.03294,0.667,2.2162,1.6899,0.197,0.248
1485,29,0.03817,0.667,2.2318,1.7052,0.165,0.234
1486,17,0.05442,0.444,2.2869,1.7714,0.194,0.237
1487,10,0.0138,0.444,2.2554,1.724,0.182,0.204
1488,19,0.01616,0.444,2.2715,1.7382,0.184,0.223
1489,26,0.01281,0.444,2.3293,1.753,0.163,0.198
1490,23,0.00997,0.667,2.2719,1.7115,0.196,0.24
1491,19,0.01929,0.667,2.2704,1.7341,0.157,0.213
1492,14,0.03199,0.667,2.2984,1.7866,0.207,0.249
1493,11,0.02212,0.667,2.202,1.6987,0.195,0.229
1494,19,0.02691,0.667,2.2442,1.7239,0.208,0.249
1495,45,0.02839,0.667,2.3655,1.769,0.178,0.234
1496,31,0.03642,0.667,2.2388,1.7166,0.262,0.313
1497,17,0.02254,0.667,2.285,1.7497,0.222,0.262
1498,16,0.02004,0.667,2.301,1.7599,0.181,0.251
1499,14,0.0186,0.667,2.259,1.7513,0.202,0.251
1500,49,0.01675,0.667,2.351,1.8226,0.174,0.225
1501,49,0.02852,0.667,2.2882,1.8108,0.177,0.244
1502,33,0.02096,0.667,2.1453,1.7272,0.273,0.321
1503,34,0.02283,0.667,2.2457,1.7124,0.174,0.237
1504,29,0.02114,0.667,2.2,1.7247,0.231,0.287
1505,19,0.02285,0.667,2.2285,1.7099,0.209,0.264
1506,18,0.02362,0.667,2.2852,1.7685,0.277,0.322
1507,23,0.02178,0.667,2.2518,1.7275,0.198,0.261
1508,19,0.02768,0.667,2.2792,1.7145,0.189,0.253
1509,11,0.02048,0.667,2.2733,1.7267,0.262,0.294
1510,21,0.04407,0.444,2.2052,1.7343,0.259,0.316
1511,46,0.02429,0.444,2.2908,1.7141,0.235,0.264
1512,22,0.02294,0.444,2.2974,1.7356,0.192,0.231
1513,25,0.0106,0.444,2.299,1.7794,0.235,0.271
1514,10,0.0145,0.444,2.3191,1.7433,0.222,0.257
1515,12,0.01532,0.444,2.3399,1.7246,0.197,0.232
1516,13,0.01065,0.444,2.3164,1.7255,0.249,0.284
1517,9,0.00871,0.667,2.2721,1.7662,0.281,0.32
1518,41,0.01892,0.667,2.2532,1.7292,0.217,0.264
1519,20,0.01932,0.667,2.2733,1.7308,0.228,0.292
1520,49,0.0207,0.667,2.2529,1.7819,0.226,0.276
1521,13,0.02008,0.667,2.2613,1.7756,0.248,0.303
1522,49,0.02017,0.667,2.2646,1.7466,0.163,0.222
1523,11,0.02106,0.667,2.1906,1.7102,0.202,0.266
1524,49,0.02184,0.667,2.2587,1.7599,0.204,0.261
1525,15,0.01978,0.667,2.2428,1.7175,0.184,0.231
1526,30,0.02374,0.667,2.2608,1.7397,0.212,0.268
1527,19,0.01162,0.667,2.2373,1.6875,0.21,0.26
1528,26,0.02281,0.667,2.2346,1.736,0.202,0.257
1529,11,0.02074,0.667,2.2214,1.6882,0.196,0.253
1530,40,0.01616,0.667,2.2258,1.6806,0.171,0.228
1531,23,0.02747,0.667,2.2981,1.7432,0.128,0.187
1532,44,0.02221,0.667,2.3249,1.7678,0.117,0.17
1533,33,0.01808,0.667,2.3826,1.7937,0.085,0.145
1534,15,0.0331,0.667,2.3418,1.7821,0.132,0.177
1535,15,0.02187,0.667,2.2953,1.7233,0.154,0.206
1536,49,0.0239,0.667,2.2105,1.7088,0.217,0.262
1537,37,0.02276,0.667,2.2876,1.7168,0.137,0.187
1538,21,0.01901,0.667,2.2391,1.7159,0.167,0.226
1539,15,0.03419,0.667,2.2996,1.7436,0.092,0.156
1540,23,0.02562,0.667,2.3,1.7341,0.119,0.162
1541,15,0.03201,0.667,2.192,1.7317,0.194,0.245
1542,49,0.02296,0.667,2.25,1.7516,0.21,0.263
1543,10,0.02443,0.667,2.2694,1.7492,0.208,0.258
1544,15,0.01753,0.667,2.3122,1.7293,0.119,0.198
1545,18,0.01973,0.667,2.2586,1.7326,0.153,0.198
1546,35,0.01258,0.667,2.2469,1.7016,0.205,0.247
1547,14,0.0159,0.667,2.2484,1.7155,0.168,0.22
1548,36,0.01785,0.667,2.3009,1.7465,0.152,0.203
1549,21,0.02086,0.667,2.302,1.787,0.249,0.309
1550,20,0.01593,0.667,2.3234,1.724,0.153,0.216
1551,49,0.02013,0.667,2.3135,1.7264,0.096,0.173
1552,10,0.01629,0.667,2.2601,1.6999,0.184,0.235
1553,24,0.0265,0.667,2.3619,1.7836,0.137,0.22
1554,49,0.02334,0.667,2.2587,1.6615,0.199,0.25
1555,26,0.02633,0.667,2.2658,1.6907,0.199,0.258
1556,25,0.01309,0.667,2.3018,1.6973,0.18,0.229
1557,11,0.02278,0.667,2.2919,1.75,0.166,0.212
1558,9,0.01518,0.667,2.2509,1.7212,0.168,0.214
1559,9,0.02619,0.667,2.2563,1.7125,0.198,0.243
1560,14,0.02179,0.667,2.3263,1.7755,0.217,0.282
1561,39,0.01883,0.667,2.2195,1.6353,0.246,0.296
1562,23,0.01887,0.667,2.3493,1.76,0.187,0.256
1563,21,0.02356,0.667,2.305,1.7878,0.192,0.232
1564,13,0.0194,0.667,2.2688,1.7563,0.243,0.309
1565,49,0.02433,0.667,2.2192,1.71,0.273,0.343
1566,14,0.01654,0.667,2.2575,1.662,0.221,0.286
1567,16,0.02014,0.667,2.299,1.7453,0.191,0.286
1568,24,0.01873,0.667,2.2739,1.709,0.236,0.3
1569,29,0.02175,0.667,2.2952,1.7547,0.296,0.347
1570,49,0.02113,0.667,2.3086,1.7016,0.247,0.304
1571,32,0.02045,0.667,2.305,1.7165,0.211,0.269
1572,25,0.01846,0.667,2.264,1.7106,0.288,0.34
1573,17,0.02376,0.667,2.2978,1.6577,0.225,0.285
1574,49,0.01371,0.667,2.2254,1.7058,0.284,0.34
1575,12,0.02904,0.667,2.2802,1.7472,0.278,0.33
1576,9,0.02455,0.667,2.2594,1.6962,0.292,0.339
1577,49,0.02443,0.667,2.199,1.6435,0.243,0.291
1578,9,0.0224,0.667,2.2052,1.7088,0.281,0.343
1579,49,0.02077,0.667,2.1328,1.7115,0.315,0.366
1580,33,0.01597,0.667,2.1964,1.7203,0.291,0.344
1581,49,0.01742,0.667,2.2674,1.7553,0.256,0.313
1582,29,0.01186,0.667,2.174,1.7136,0.314,0.357
1583,27,0.01441,0.667,2.2225,1.7207,0.255,0.314
1584,21,0.01468,0.667,2.1842,1.6687,0.27,0.336
1585,19,0.02635,0.667,2.2033,1.7012,0.319,0.378
1586,14,0.02493,0.667,2.2782,1.7125,0.25,0.298
1587,21,0.02283,0.667,2.2082,1.6656,0.232,0.296
1588,9,0.02488,0.667,2.2393,1.7228,0.212,0.28
1589,23,0.01449,0.667,2.1683,1.6929,0.289,0.342
1590,49,0.02084,0.667,2.1665,1.7136,0.282,0.338
1591,18,0.01878,0.667,2.157,1.7062,0.333,0.386
1592,18,0.02135,0.667,2.2267,1.7328,0.26,0.311
1593,15,0.0289,0.667,2.2375,1.7787,0.296,0.354
1594,49,0.02357,0.667,2.1816,1.6766,0.288,0.344
1595,28,0.02161,0.667,2.1749,1.7312,0.343,0.405
1596,12,0.02867,0.667,2.1575,1.6872,0.272,0.324
1597,17,0.02735,0.667,2.1611,1.6631,0.284,0.333
1598,49,0.02876,0.667,2.0673,1.6183,0.301,0.346
1599,49,0.03473,0.667,2.1832,1.6916,0.269,0.324
1600,49,0.03936,0.667,2.1986,1.7235,0.267,0.32
1601,49,0.02924,0.667,2.1924,1.7137,0.218,0.27
1602,14,0.02743,0.667,2.1658,1.7357,0.232,0.293
1603,13,0.03115,0.667,2.2199,1.723,0.221,0.272
1604,37,0.02319,0.667,2.1368,1.7057,0.287,0.331
1605,32,0.02363,0.667,2.1995,1.7308,0.178,0.242
1606,49,0.02755,0.667,2.1168,1.7243,0.283,0.32
1607,13,0.01585,0.667,2.1802,1.6846,0.22,0.272
1608,13,0.01932,0.667,2.2352,1.7044,0.125,0.181
1609,31,0.02082,0.667,2.2143,1.7437,0.158,0.218
1610,25,0.03008,0.667,2.1647,1.6513,0.208,0.255
1611,27,0.04561,0.444,2.2492,1.7428,0.17,0.238
1612,24,0.02013,0.444,2.2392,1.7149,0.159,0.206
1613,26,0.01451,0.444,2.2362,1.7493,0.17,0.208
1614,25,0.01419,0.444,2.2484,1.7293,0.171,0.21
1615,49,0.01137,0.444,2.2726,1.7263,0.112,0.152
1616,17,0.01729,0.444,2.2357,1.7331,0.154,0.196
1617,49,0.0102,0.444,2.2588,1.7154,0.187,0.227
1618,25,0.01274,0.444,2.2264,1.6912,0.158,0.206
1619,15,0.01238,0.444,2.2734,1.7287,0.153,0.197
1620,41,0.01224,0.444,2.1988,1.6925,0.194,0.243
1621,18,0.01223,0.444,2.1798,1.6752,0.234,0.269
1622,21,0.01595,0.444,2.1942,1.6606,0.234,0.273
1623,21,0.01211,0.444,2.2775,1.6903,0.203,0.255
1624,17,0.02,0.444,2.2575,1.7396,0.222,0.259
1625,20,0.01292,0.444,2.2403,1.6575,0.201,0.24
1626,15,0.01532,0.444,2.1742,1.6565,0.26,0.29
1627,21,0.01304,0.444,2.206,1.6595,0.236,0.269
1628,49,0.01284,0.444,2.2412,1.7166,0.258,0.299
1629,16,0.01357,0.444,2.1768,1.675,0.281,0.321
1630,22,0.01797,0.444,2.2319,1.6322,0.172,0.203
1631,34,0.0118,0.444,2.3054,1.6856,0.142,0.203
1632,11,0.02194,0.444,2.2678,1.6876,0.197,0.22
1633,39,0.01267,0.444,2.2487,1.6436,0.221,0.254
1634,22,0.01468,0.444,2.2681,1.7138,0.191,0.223
1635,19,0.01241,0.444,2.2515,1.6707,0.161,0.202
1636,23,0.00934,0.667,2.2117,1.6801,0.172,0.227
1637,14,0.02153,0.667,2.2845,1.7157,0.161,0.197
1638,23,0.02068,0.667,2.2844,1.6786,0.156,0.2
1639,21,0.02433,0.667,2.2028,1.673,0.235,0.286
1640,21,0.02043,0.667,2.2566,1.6592,0.2,0.256
1641,17,0.02196,0.667,2.2043,1.671,0.255,0.312
1642,23,0.0193,0.667,2.2637,1.7166,0.209,0.27
1643,13,0.02117,0.667,2.2862,1.7147,0.171,0.224
1644,25,0.02044,0.667,2.224,1.6795,0.21,0.244
1645,16,0.02679,0.667,2.2578,1.721,0.201,0.261
1646,13,0.02055,0.667,2.2079,1.676,0.217,0.272
1647,10,0.0245,0.667,2.1801,1.668,0.251,0.285
1648,17,0.02897,0.667,2.241,1.6217,0.204,0.25
1649,22,0.02583,0.667,2.2265,1.6391,0.218,0.262
1650,9,0.02352,0.667,2.2742,1.6978,0.205,0.262
1651,17,0.03605,0.667,2.274,1.6462,0.262,0.297
1652,11,0.04915,0.444,2.3156,1.6795,0.183,0.233
1653,49,0.01445,0.444,2.3259,1.7118,0.252,0.285
1654,49,0.01684,0.444,2.281,1.6487,0.18,0.209
1655,15,0.01935,0.444,2.2025,1.6567,0.277,0.308
1656,19,0.01373,0.444,2.2098,1.7198,0.351,0.392
1657,43,0.01235,0.444,2.1418,1.6241,0.319,0.35
1658,15,0.01064,0.444,2.1835,1.5808,0.237,0.281
1659,19,0.01251,0.444,2.2571,1.6429,0.225,0.274
1660,15,0.01495,0.444,2.231,1.6552,0.27,0.302
1661,27,0.01122,0.444,2.1804,1.6154,0.286,0.324
1662,17,0.02018,0.444,2.2629,1.6843,0.249,0.276
1663,41,0.01174,0.444,2.1843,1.658,0.285,0.33
1664,15,0.01139,0.444,2.2713,1.7034,0.305,0.338
1665,38,0.01367,0.444,2.1505,1.6248,0.318,0.354
1666,29,0.01427,0.444,2.2691,1.7077,0.272,0.312
1667,49,0.01362,0.444,2.2198,1.6719,0.287,0.32
1668,31,0.01738,0.444,2.1953,1.6894,0.32,0.346
1669,21,0.00938,0.667,2.1657,1.6737,0.325,0.37
1670,16,0.02709,0.667,2.2227,1.6933,0.268,0.318
1671,21,0.0257,0.667,2.1589,1.6598,0.306,0.356
1672,25,0.02723,0.667,2.2831,1.7132,0.224,0.268
1673,31,0.02224,0.667,2.1828,1.6556,0.263,0.314
1674,15,0.01929,0.667,2.153,1.6837,0.289,0.338
1675,29,0.02549,0.667,2.1543,1.7054,0.366,0.407
1676,27,0.02878,0.667,2.0987,1.6544,0.395,0.433
1677,49,0.02559,0.667,2.1456,1.6953,0.304,0.345
1678,10,0.0285,0.667,2.1582,1.735,0.341,0.389
1679,13,0.03055,0.667,2.0869,1.7006,0.386,0.433
1680,49,0.02717,0.667,2.0736,1.6753,0.355,0.408
1681,49,0.024,0.667,2.1109,1.7156,0.392,0.435
1682,27,0.02271,0.667,2.1938,1.8006,0.326,0.368
1683,17,0.02373,0.667,2.1571,1.7101,0.321,0.348
1684,49,0.02968,0.667,2.1458,1.7249,0.365,0.407
1685,21,0.02624,0.667,2.1621,1.7813,0.394,0.439
1686,16,0.02047,0.667,2.1562,1.7361,0.336,0.374
1687,31,0.02692,0.667,2.0825,1.6798,0.351,0.407
1688,17,0.02184,0.667,2.0963,1.6805,0.384,0.42
1689,26,0.02274,0.667,2.0857,1.7013,0.388,0.421
1690,16,0.0273,0.667,2.0754,1.6792,0.397,0.429
1691,16,0.0269,0.667,2.0142,1.7172,0.397,0.429
1692,30,0.02516,0.667,2.1712,1.77,0.319,0.359
1693,13,0.03,0.667,2.0553,1.696,0.388,0.43
1694,20,0.0232,0.667,2.1683,1.6812,0.316,0.366
1695,13,0.03795,0.667,2.1559,1.7363,0.357,0.387
1696,35,0.032,0.667,2.1763,1.6975,0.363,0.411
1697,28,0.04174,0.444,2.167,1.7672,0.392,0.429
1698,18,0.01331,0.444,2.1913,1.7101,0.324,0.35
1699,21,0.02163,0.444,2.1344,1.722,0.344,0.373
1700,16,0.00824,0.667,2.2489,1.7512,0.218,0.252
1701,30,0.01795,0.667,2.2136,1.751,0.211,0.246
1702,12,0.01373,0.667,2.2238,1.7295,0.203,0.233
1703,13,0.01716,0.667,2.3011,1.7633,0.172,0.198
1704,49,0.01787,0.667,2.2013,1.8028,0.268,0.298
1705,13,0.01795,0.667,2.1437,1.6926,0.237,0.279
1706,15,0.01801,0.667,2.105,1.6708,0.224,0.26
1707,24,0.02573,0.667,2.2223,1.7689,0.214,0.252
1708,13,0.02543,0.667,2.1567,1.6957,0.262,0.304
1709,19,0.02961,0.667,2.0859,1.6649,0.242,0.284
1710,49,0.02942,0.667,2.1733,1.6914,0.216,0.246
1711,20,0.01934,0.667,2.1863,1.7136,0.149,0.19
1712,18,0.0311,0.667,2.165,1.6727,0.199,0.235
1713,21,0.01373,0.667,2.1654,1.6702,0.224,0.255
1714,21,0.02129,0.667,2.1603,1.6578,0.263,0.294
1715,13,0.013,0.667,2.0233,1.5934,0.318,0.346
1716,33,0.01729,0.667,2.1455,1.706,0.236,0.284
1717,12,0.01899,0.667,2.1718,1.6503,0.233,0.256
1718,29,0.01738,0.667,2.1185,1.5906,0.234,0.277
1719,49,0.02113,0.667,2.1255,1.6215,0.264,0.297
1720,23,0.01894,0.667,2.1481,1.6436,0.252,0.289
1721,20,0.02561,0.667,2.164,1.6539,0.259,0.298
1722,20,0.03311,0.667,2.175,1.6648,0.146,0.208
1723,21,0.02648,0.667,2.2365,1.6359,0.199,0.229
1724,18,0.03831,0.667,2.1888,1.7356,0.247,0.286
1725,22,0.033,0.667,2.2411,1.6724,0.209,0.25
1726,19,0.03717,0.667,2.1908,1.6328,0.188,0.234
1727,18,0.02435,0.667,2.1986,1.6665,0.234,0.275
1728,11,0.01971,0.667,2.2541,1.6315,0.199,0.244
1729,13,0.02074,0.667,2.2773,1.6734,0.132,0.18
1730,13,0.02396,0.667,2.2152,1.6656,0.218,0.249
1731,49,0.01771,0.667,2.2444,1.7174,0.202,0.249
1732,27,0.02698,0.667,2.2871,1.7063,0.209,0.236
1733,25,0.01754,0.667,2.1827,1.6852,0.232,0.268
1734,23,0.02516,0.667,2.2509,1.7276,0.213,0.253
1735,10,0.01645,0.667,2.0808,1.5799,0.216,0.252
1736,21,0.02153,0.667,2.1873,1.6416,0.201,0.247
1737,21,0.01883,0.667,2.177,1.6382,0.242,0.294
1738,15,0.01416,0.667,2.1894,1.6384,0.252,0.28
1739,18,0.02473,0.667,2.2017,1.648,0.244,0.281
1740,21,0.02221,0.667,2.1811,1.6132,0.208,0.25
1741,13,0.02456,0.667,2.1969,1.6518,0.223,0.276
1742,49,0.02267,0.667,2.2313,1.6728,0.191,0.218
1743,9,0.02247,0.667,2.2082,1.6857,0.216,0.248
1744,15,0.0225,0.667,2.2089,1.63,0.167,0.203
1745,49,0.0247,0.667,2.3006,1.6937,0.117,0.163
1746,19,0.02378,0.667,2.1883,1.663,0.246,0.275
1747,27,0.02172,0.667,2.1694,1.644,0.244,0.278
1748,25,0.01975,0.667,2.1679,1.5752,0.22,0.269
1749,13,0.02143,0.667,2.232,1.6779,0.165,0.205
1750,19,0.01859,0.667,2.2969,1.6985,0.161,0.215
1751,16,0.01674,0.667,2.1312,1.5742,0.219,0.275
1752,11,0.03171,0.667,2.2058,1.6237,0.183,0.253
1753,18,0.02711,0.667,2.2044,1.6031,0.158,0.201
1754,49,0.03708,0.667,2.1508,1.6133,0.17,0.212
1755,25,0.04679,0.444,2.1936,1.5885,0.174,0.205
1756,28,0.01932,0.444,2.186,1.6084,0.201,0.233
1757,49,0.01314,0.444,2.1491,1.6436,0.214,0.252
1758,12,0.00783,0.667,2.23,1.619,0.138,0.181
1759,17,0.01921,0.667,2.1514,1.6468,0.247,0.288
1760,21,0.01547,0.667,2.1987,1.6288,0.185,0.223
1761,28,0.02055,0.667,2.2158,1.6156,0.157,0.204
1762,27,0.01802,0.667,2.2165,1.6368,0.159,0.201
1763,15,0.01483,0.667,2.242,1.6843,0.128,0.177
1764,26,0.02682,0.667,2.2257,1.631,0.154,0.207
1765,17,0.02408,0.667,2.2004,1.6938,0.145,0.185
1766,21,0.02411,0.667,2.1433,1.6281,0.181,0.232
1767,17,0.02472,0.667,2.2188,1.6133,0.177,0.234
1768,15,0.02829,0.667,2.1761,1.6638,0.203,0.255
1769,34,0.02123,0.667,2.1682,1.6529,0.237,0.282
1770,21,0.02212,0.667,2.1821,1.6642,0.212,0.268
1771,15,0.01767,0.667,2.131,1.61,0.256,0.304
1772,33,0.01869,0.667,2.1513,1.6631,0.242,0.283
1773,17,0.02488,0.667,2.278,1.7069,0.172,0.23
1774,23,0.03667,0.667,2.1779,1.6746,0.241,0.287
1775,9,0.0292,0.667,2.1664,1.6737,0.198,0.262
1776,13,0.03903,0.667,2.0702,1.6304,0.336,0.396
1777,22,0.03583,0.667,2.1935,1.6283,0.24,0.302
1778,12,0.02694,0.667,2.1101,1.6455,0.288,0.332
1779,25,0.02751,0.667,2.1976,1.6774,0.285,0.331
1780,49,0.01885,0.667,2.1027,1.6361,0.298,0.348
1781,19,0.02092,0.667,2.1316,1.6425,0.27,0.319
1782,20,0.02329,0.667,2.0606,1.5533,0.311,0.356
1783,9,0.01928,0.667,2.0692,1.5689,0.289,0.342
1784,23,0.02034,0.667,2.1424,1.6392,0.317,0.366
1785,36,0.02451,0.667,2.184,1.6402,0.248,0.293
1786,30,0.02709,0.667,2.1365,1.6412,0.23,0.288
1787,13,0.03752,0.667,2.1538,1.5854,0.226,0.301
1788,10,0.03973,0.667,2.2478,1.6704,0.214,0.273
1789,17,0.03461,0.667,2.1345,1.6498,0.336,0.384
1790,42,0.02577,0.667,2.2381,1.6805,0.211,0.252
1791,31,0.02579,0.667,2.2385,1.6942,0.197,0.247
1792,23,0.0285,0.667,2.2386,1.6834,0.233,0.286
1793,12,0.01701,0.667,2.2433,1.6508,0.225,0.274
1794,24,0.03201,0.667,2.1949,1.6714,0.275,0.321
1795,13,0.03182,0.667,2.1927,1.6669,0.236,0.281
1796,12,0.01796,0.667,2.2629,1.7481,0.236,0.294
1797,11,0.02993,0.667,2.1406,1.6298,0.282,0.334
1798,25,0.02084,0.667,2.1806,1.6277,0.238,0.3
1799,13,0.02925,0.667,2.1969,1.6979,0.255,0.303
1800,16,0.02245,0.667,2.2316,1.6571,0.269,0.316
1801,20,0.02292,0.667,2.2245,1.6981,0.247,0.299
1802,15,0.01859,0.667,2.2064,1.6743,0.272,0.318
1803,25,0.01891,0.667,2.1176,1.6279,0.3,0.35
1804,17,0.02371,0.667,2.1342,1.5941,0.236,0.289
1805,17,0.02336,0.667,2.1138,1.6433,0.35,0.393
1806,25,0.03423,0.667,2.1444,1.6395,0.352,0.393
1807,17,0.03533,0.667,2.1282,1.5835,0.279,0.338
1808,37,0.0294,0.667,2.3137,1.686,0.181,0.234
1809,14,0.03547,0.667,2.2747,1.6168,0.234,0.276
1810,13,0.03073,0.667,2.1829,1.6209,0.258,0.317
1811,19,0.0236,0.667,2.2146,1.6667,0.273,0.311
1812,49,0.02272,0.667,2.1999,1.6127,0.25,0.305
1813,17,0.01985,0.667,2.1649,1.5996,0.318,0.359
1814,35,0.02092,0.667,2.2046,1.6612,0.248,0.308
1815,14,0.0209,0.667,2.1032,1.6372,0.334,0.387
1816,33,0.02047,0.667,2.1673,1.6097,0.344,0.389
1817,12,0.02201,0.667,2.1572,1.6001,0.341,0.391
1818,13,0.02424,0.667,2.2052,1.6098,0.305,0.368
1819,49,0.02725,0.667,2.1512,1.6781,0.334,0.402
1820,49,0.02513,0.667,2.1568,1.6392,0.351,0.421
1821,18,0.01576,0.667,2.0977,1.6138,0.336,0.385
1822,17,0.03075,0.667,2.1474,1.6276,0.323,0.386
1823,11,0.01638,0.667,2.1804,1.6675,0.332,0.393
1824,14,0.02939,0.667,2.2444,1.6972,0.297,0.359
1825,19,0.0213,0.667,2.2184,1.6579,0.225,0.279
1826,23,0.03009,0.667,2.0992,1.6095,0.346,0.413
1827,12,0.03399,0.667,2.0546,1.5951,0.38,0.435
1828,49,0.02736,0.667,2.1797,1.5817,0.277,0.341
1829,14,0.02968,0.667,2.148,1.6422,0.309,0.37
1830,16,0.03625,0.667,2.1937,1.6363,0.282,0.334
1831,30,0.03672,0.667,2.1879,1.6912,0.312,0.367
1832,22,0.04132,0.444,2.2084,1.6268,0.275,0.336
1833,14,0.02533,0.444,2.2229,1.6874,0.258,0.302
1834,13,0.02672,0.444,2.1273,1.6573,0.321,0.358
1835,26,0.0167,0.444,2.1714,1.6226,0.277,0.316
1836,28,0.00931,0.667,2.1844,1.6695,0.27,0.314
1837,16,0.02117,0.667,2.195,1.5898,0.239,0.318
1838,13,0.03147,0.667,2.1817,1.6325,0.258,0.32
1839,49,0.02706,0.667,2.2049,1.6526,0.219,0.278
1840,29,0.01877,0.667,2.1379,1.6595,0.303,0.363
1841,44,0.02474,0.667,2.132,1.6216,0.271,0.35
1842,17,0.02495,0.667,2.1983,1.664,0.271,0.341
1843,21,0.01664,0.667,2.2478,1.6607,0.205,0.261
1844,33,0.02397,0.667,2.1976,1.7006,0.255,0.314
1845,49,0.031,0.667,2.1784,1.6515,0.222,0.283
1846,20,0.02883,0.667,2.2195,1.6705,0.251,0.306
1847,20,0.02616,0.667,2.2308,1.6459,0.233,0.288
1848,15,0.0453,0.444,2.2765,1.7748,0.23,0.308
1849,17,0.01775,0.444,2.2706,1.7178,0.222,0.251
1850,19,0.01203,0.444,2.3009,1.7378,0.206,0.267
1851,19,0.01339,0.444,2.3043,1.748,0.221,0.267
1852,39,0.01073,0.444,2.2812,1.7592,0.262,0.309
1853,49,0.01993,0.444,2.2294,1.7367,0.306,0.35
1854,14,0.01459,0.444,2.1641,1.7089,0.329,0.377
1855,49,0.0127,0.444,2.2407,1.7502,0.24,0.288
1856,17,0.01473,0.444,2.1385,1.704,0.273,0.303
1857,17,0.01208,0.444,2.2364,1.7391,0.265,0.3
1858,9,0.00994,0.667,2.2099,1.7007,0.2,0.235
1859,21,0.02335,0.667,2.2664,1.7694,0.192,0.244
1860,17,0.01878,0.667,2.2311,1.761,0.248,0.295
1861,23,0.02832,0.667,2.2759,1.7817,0.223,0.261
1862,20,0.02502,0.667,2.2271,1.7252,0.219,0.265
1863,31,0.02879,0.667,2.2718,1.7418,0.235,0.279
1864,13,0.02003,0.667,2.1789,1.7216,0.248,0.301
1865,45,0.02218,0.667,2.1932,1.6823,0.217,0.281
1866,13,0.01563,0.667,2.237,1.7109,0.248,0.299
1867,36,0.02689,0.667,2.2994,1.7372,0.109,0.189
1868,11,0.03023,0.667,2.362,1.7958,0.188,0.218
1869,22,0.02735,0.667,2.3458,1.7326,0.146,0.203
1870,9,0.02647,0.667,2.3336,1.7255,0.179,0.238
1871,30,0.03229,0.667,2.3602,1.7672,0.191,0.237
1872,13,0.02353,0.667,2.3832,1.7939,0.17,0.242
1873,49,0.02469,0.667,2.3076,1.738,0.217,0.262
1874,21,0.02099,0.667,2.3084,1.7765,0.222,0.263
1875,17,0.01979,0.667,2.3114,1.7213,0.193,0.251
1876,49,0.02398,0.667,2.2793,1.6923,0.188,0.245
1877,49,0.04181,0.444,2.2845,1.7377,0.209,0.264
1878,49,0.02495,0.444,2.2118,1.735,0.265,0.291
1879,31,0.00977,0.667,2.3724,1.8019,0.174,0.245
1880,30,0.03138,0.667,2.3605,1.7775,0.233,0.266
1881,49,0.03558,0.667,2.312,1.6734,0.203,0.258
1882,25,0.0515,0.444,2.2689,1.7368,0.227,0.277
1883,12,0.02476,0.444,2.2315,1.7315,0.329,0.366
1884,16,0.02849,0.444,2.2172,1.7139,0.315,0.371
1885,21,0.01654,0.444,2.3435,1.7544,0.211,0.258
1886,19,0.02111,0.444,2.2127,1.7401,0.311,0.35
1887,15,0.01129,0.444,2.2235,1.7608,0.334,0.375
1888,32,0.02144,0.444,2.3045,1.7493,0.221,0.266
1889,49,0.01603,0.444,2.2101,1.6717,0.244,0.281
1890,13,0.01275,0.444,2.2145,1.6638,0.304,0.34
1891,14,0.01246,0.444,2.2448,1.7473,0.303,0.343
1892,19,0.0104,0.444,2.1924,1.6845,0.292,0.327
1893,49,0.00983,0.667,2.2415,1.7587,0.252,0.296
1894,21,0.02036,0.667,2.1887,1.7213,0.311,0.36
1895,33,0.0275,0.667,2.2491,1.746,0.245,0.3
1896,21,0.0277,0.667,2.1571,1.7116,0.376,0.426
1897,22,0.02964,0.667,2.1477,1.6408,0.302,0.354
1898,15,0.02906,0.667,2.2729,1.7148,0.27,0.329
1899,18,0.02131,0.667,2.17,1.6626,0.309,0.365
1900,28,0.02352,0.667,2.2707,1.7455,0.261,0.322
1901,11,0.02238,0.667,2.2155,1.7092,0.298,0.343
1902,15,0.02418,0.667,2.2352,1.7293,0.282,0.327
1903,17,0.0387,0.667,2.2631,1.7765,0.286,0.321
1904,11,0.0321,0.667,2.2742,1.708,0.209,0.253
1905,49,0.02663,0.667,2.2242,1.6954,0.217,0.266
1906,49,0.03834,0.667,2.222,1.674,0.251,0.29
1907,18,0.02141,0.667,2.247,1.6904,0.211,0.243
1908,15,0.01387,0.667,2.2412,1.6919,0.162,0.207
1909,21,0.02267,0.667,2.2208,1.7298,0.213,0.247
1910,17,0.01811,0.667,2.2475,1.7643,0.279,0.318
1911,21,0.01674,0.667,2.1819,1.7127,0.281,0.314
1912,19,0.02239,0.667,2.2021,1.7241,0.262,0.306
1913,49,0.03309,0.667,2.204,1.6934,0.19,0.228
1914,11,0.04292,0.444,2.1735,1.7281,0.264,0.327
1915,12,0.01881,0.444,2.1921,1.723,0.282,0.315
1916,35,0.01629,0.444,2.184,1.6895,0.275,0.303
1917,24,0.01354,0.444,2.1719,1.7061,0.237,0.27
1918,31,0.01431,0.444,2.1754,1.6608,0.22,0.245
1919,28,0.01785,0.444,2.1975,1.6894,0.282,0.307
1920,49,0.01224,0.444,2.1624,1.677,0.255,0.281
1921,23,0.02042,0.444,2.1504,1.643,0.303,0.321
1922,49,0.01678,0.444,2.179,1.6849,0.239,0.273
1923,15,0.01412,0.444,2.1236,1.6772,0.239,0.276
1924,18,0.01364,0.444,2.1467,1.6891,0.221,0.255
1925,31,0.01508,0.444,2.0888,1.6425,0.197,0.225
1926,24,0.00926,0.667,2.2221,1.7193,0.182,0.215
1927,49,0.03984,0.667,2.0768,1.6404,0.191,0.228
1928,17,0.0352,0.667,2.1586,1.6326,0.18,0.218
1929,32,0.02589,0.667,2.1584,1.6376,0.129,0.168
1930,49,0.02287,0.667,2.1661,1.7217,0.231,0.269
1931,30,0.02044,0.667,2.2198,1.6765,0.148,0.179
1932,17,0.02364,0.667,2.1685,1.7004,0.119,0.151
1933,25,0.02842,0.667,2.1811,1.7266,0.175,0.222
1934,49,0.02805,0.667,2.2099,1.6582,0.191,0.235
1935,49,0.02374,0.667,2.2826,1.7559,0.15,0.185
1936,15,0.02853,0.667,2.1789,1.6745,0.225,0.242
1937,13,0.02526,0.667,2.2564,1.7118,0.141,0.176
1938,35,0.02408,0.667,2.1903,1.6952,0.212,0.24
1939,15,0.01745,0.667,2.2203,1.6643,0.089,0.127
1940,17,0.03021,0.667,2.1531,1.6428,0.21,0.242
1941,19,0.02226,0.667,2.2497,1.6849,0.167,0.216
1942,25,0.02199,0.667,2.2444,1.6537,0.1,0.141
1943,28,0.02689,0.667,2.2113,1.682,0.188,0.221
1944,25,0.026,0.667,2.1602,1.6274,0.175,0.211
1945,11,0.02547,0.667,2.147,1.626,0.191,0.238
1946,24,0.022,0.667,2.1205,1.5592,0.149,0.189
1947,19,0.02335,0.667,2.1357,1.5837,0.149,0.205
1948,26,0.02015,0.667,2.1077,1.6006,0.211,0.25
1949,35,0.02405,0.667,2.1053,1.5675,0.212,0.248
1950,49,0.01682,0.667,2.0639,1.5308,0.177,0.207
1951,15,0.03698,0.667,2.1958,1.6381,0.164,0.206
1952,24,0.0205,0.667,2.1948,1.6462,0.162,0.196
1953,19,0.02529,0.667,2.1086,1.5623,0.185,0.221
1954,14,0.01882,0.667,2.0552,1.5805,0.283,0.312
1955,15,0.02244,0.667,2.0792,1.6157,0.182,0.214
1956,17,0.02596,0.667,2.0425,1.6173,0.224,0.268
1957,39,0.02964,0.667,2.1603,1.6487,0.196,0.248
1958,16,0.03071,0.667,2.0996,1.6573,0.286,0.337
1959,31,0.03227,0.667,2.0604,1.5877,0.299,0.349
1960,22,0.01941,0.667,2.1271,1.6335,0.232,0.292
1961,49,0.02751,0.667,1.984,1.6104,0.255,0.307
1962,20,0.02494,0.667,2.0821,1.5932,0.192,0.237
1963,10,0.02001,0.667,2.1114,1.6159,0.185,0.234
1964,24,0.0209,0.667,2.0372,1.5685,0.261,0.297
1965,23,0.01879,0.667,2.1133,1.5997,0.154,0.197
1966,36,0.01975,0.667,2.1031,1.5886,0.187,0.228
1967,41,0.02546,0.667,2.1132,1.5704,0.186,0.227
1968,27,0.02302,0.667,2.0972,1.5618,0.223,0.262
1969,16,0.02362,0.667,2.1461,1.5576,0.196,0.237
1970,11,0.02607,0.667,2.129,1.5891,0.186,0.238
1971,28,0.02987,0.667,2.1635,1.6404,0.201,0.24
1972,10,0.02973,0.667,2.0329,1.5445,0.25,0.295
1973,13,0.02913,0.667,2.1242,1.569,0.268,0.32
1974,49,0.03186,0.667,2.1192,1.5732,0.143,0.229
1975,17,0.02971,0.667,2.0767,1.5301,0.215,0.251
1976,14,0.04188,0.444,2.0709,1.5167,0.242,0.293
1977,14,0.01835,0.444,2.0965,1.5839,0.221,0.255
1978,28,0.01307,0.444,2.0763,1.4649,0.158,0.202
1979,43,0.01363,0.444,2.0963,1.5626,0.217,0.246
1980,49,0.01226,0.444,2.081,1.5727,0.252,0.279
1981,15,0.01126,0.444,2.0861,1.5646,0.254,0.28
1982,14,0.01164,0.444,2.0036,1.5251,0.268,0.294
1983,12,0.0107,0.444,2.0856,1.5656,0.211,0.238
1984,23,0.01878,0.444,2.0603,1.4971,0.205,0.25
1985,15,0.01487,0.444,2.1115,1.5615,0.236,0.269
1986,29,0.01182,0.444,2.1462,1.5878,0.226,0.253
1987,21,0.01635,0.444,2.1722,1.5462,0.156,0.192
1988,16,0.01001,0.444,2.1637,1.5351,0.212,0.245
1989,13,0.01508,0.444,2.1026,1.5922,0.275,0.318
1990,22,0.01271,0.444,2.1481,1.5827,0.201,0.231
1991,16,0.01288,0.444,2.1528,1.6367,0.222,0.253
1992,36,0.00967,0.667,2.1732,1.607,0.152,0.192
1993,17,0.01764,0.667,2.1906,1.6046,0.203,0.245
1994,20,0.02172,0.667,2.2085,1.5841,0.171,0.202
1995,49,0.01902,0.667,2.0556,1.5943,0.22,0.265
1996,31,0.02254,0.667,2.2329,1.7031,0.193,0.231
1997,31,0.01744,0.667,2.167,1.6097,0.184,0.234
1998,22,0.02928,0.667,2.1871,1.6192,0.243,0.297
1999,27,0.02151,0.667,2.1621,1.6421,0.258,0.315
2000,34,0.01688,0.667,2.1472,1.656,0.296,0.339
